,mean_fit_time,std_fit_time,mean_score_time,std_score_time,param_NN__alpha,param_NN__hidden_layer_sizes,param_gmm__n_components,params,split0_test_score,split1_test_score,split2_test_score,split3_test_score,split4_test_score,mean_test_score,std_test_score,rank_test_score,split0_train_score,split1_train_score,split2_train_score,split3_train_score,split4_train_score,mean_train_score,std_train_score
0,0.2598717212677002,0.2410030578051298,0.0012235641479492188,0.00018103975352305466,0.1,"(100,)",2,"{'NN__alpha': 0.1, 'NN__hidden_layer_sizes': (100,), 'gmm__n_components': 2}",0.44656488549618323,0.4681933842239186,0.4661558109833972,0.49744245524296676,0.49167733674775926,0.47396630934150075,0.018494147122589667,125,0.47477650063856963,0.46360153256704983,0.47081339712918663,0.46811224489795916,0.49218999043672296,0.47389873313389763,0.00984251648097101
1,0.3004657745361328,0.06350670082765363,0.0013992786407470703,3.0848452859625864e-05,0.1,"(100,)",5,"{'NN__alpha': 0.1, 'NN__hidden_layer_sizes': (100,), 'gmm__n_components': 5}",0.4707379134860051,0.46055979643765904,0.4891443167305236,0.4731457800511509,0.47631241997439183,0.47396630934150075,0.009242217457505418,125,0.4821200510855683,0.46998722860791825,0.48229665071770333,0.46875,0.4740197641058336,0.4754347389034047,0.005799008346675854
2,0.5020993709564209,0.05343755997008205,0.0019199371337890625,0.00025755512383768796,0.1,"(100,)",10,"{'NN__alpha': 0.1, 'NN__hidden_layer_sizes': (100,), 'gmm__n_components': 10}",0.4961832061068702,0.49236641221374045,0.4904214559386973,0.47058823529411764,0.5032010243277849,0.4905564063297601,0.01088422497333586,117,0.5012771392081737,0.4945721583652618,0.47655502392344495,0.4830994897959184,0.49760918074593563,0.4906225984077469,0.00929972484916632
3,0.6804101467132568,0.10136355754688411,0.002141380310058594,6.514974283440816e-05,0.1,"(100,)",15,"{'NN__alpha': 0.1, 'NN__hidden_layer_sizes': (100,), 'gmm__n_components': 15}",0.49872773536895676,0.49745547073791346,0.508301404853129,0.5217391304347826,0.49295774647887325,0.5038284839203675,0.010244469712323493,94,0.4901021711366539,0.5009578544061303,0.5161084529505582,0.5089285714285714,0.5004781638508129,0.5033150427545454,0.00875633763433989
4,0.8611587524414063,0.08746104164070387,0.0024751663208007813,2.4814598382571967e-05,0.1,"(100,)",20,"{'NN__alpha': 0.1, 'NN__hidden_layer_sizes': (100,), 'gmm__n_components': 20}",0.4961832061068702,0.5216284987277354,0.51213282247765,0.5281329923273658,0.5185659411011524,0.5153139356814701,0.010878845888631054,26,0.5124521072796935,0.5153256704980843,0.5154704944178629,0.5105229591836735,0.5109977685686962,0.5129537999896021,0.0020950542748463894
5,0.9971604824066163,0.09237560793514774,0.0029326915740966798,0.00013210632120025826,0.1,"(100,)",25,"{'NN__alpha': 0.1, 'NN__hidden_layer_sizes': (100,), 'gmm__n_components': 25}",0.49872773536895676,0.5203562340966921,0.5031928480204342,0.5012787723785166,0.5044814340588989,0.5056151097498723,0.007634877176077603,89,0.527139208173691,0.5280970625798213,0.5240829346092504,0.5019132653061225,0.5106789926681543,0.5183822926674079,0.010335640621554865
6,1.1603058338165284,0.06525365971873137,0.0032063961029052735,2.3634774187241873e-05,0.1,"(100,)",30,"{'NN__alpha': 0.1, 'NN__hidden_layer_sizes': (100,), 'gmm__n_components': 30}",0.4961832061068702,0.5127226463104325,0.5019157088122606,0.530690537084399,0.5134443021766966,0.510974987238387,0.011819685127645363,60,0.5124521072796935,0.5233077905491699,0.513237639553429,0.5175382653061225,0.5094038890659867,0.5151879383508803,0.004820782087962399
7,1.2020273685455323,0.2551538630797807,0.003475666046142578,3.34119630026609e-05,0.1,"(100,)",35,"{'NN__alpha': 0.1, 'NN__hidden_layer_sizes': (100,), 'gmm__n_components': 35}",0.49872773536895676,0.5152671755725191,0.4891443167305236,0.5383631713554987,0.5070422535211268,0.5096988259315978,0.01673917735219827,64,0.49936143039591313,0.5185185185185185,0.48995215311004786,0.5210459183673469,0.503665922856232,0.5065087886496118,0.011737551263105966
8,1.3678554534912108,0.24457197191288033,0.0038477897644042967,0.00011340751572179056,0.1,"(100,)",40,"{'NN__alpha': 0.1, 'NN__hidden_layer_sizes': (100,), 'gmm__n_components': 40}",0.5050890585241731,0.510178117048346,0.49169859514687103,0.5076726342710998,0.5172855313700384,0.5063808065339459,0.008387175998862968,84,0.5194763729246488,0.5022349936143039,0.5244019138755981,0.515625,0.511954096270322,0.5147384753369746,0.007492736027582559
9,1.6138210773468018,0.18491417206685348,0.004547309875488281,6.22732533203583e-05,0.1,"(100,)",50,"{'NN__alpha': 0.1, 'NN__hidden_layer_sizes': (100,), 'gmm__n_components': 50}",0.5343511450381679,0.5254452926208651,0.5095785440613027,0.5140664961636828,0.5032010243277849,0.5173557937723329,0.011191929599470648,16,0.527139208173691,0.5191570881226054,0.5311004784688995,0.5220025510204082,0.5173732865795346,0.5233545224730276,0.005090091254411863
10,1.94964919090271,0.1257940473503372,0.005257368087768555,0.00011000231217544106,0.1,"(100,)",60,"{'NN__alpha': 0.1, 'NN__hidden_layer_sizes': (100,), 'gmm__n_components': 60}",0.510178117048346,0.5343511450381679,0.5146871008939975,0.5434782608695652,0.5147247119078106,0.5234813680449208,0.013029168880744776,2,0.5242656449553001,0.5399106002554278,0.5416267942583732,0.5427295918367347,0.5307618744022952,0.5358589011416262,0.007173207342968592
11,2.1185672283172607,0.2307268964155137,0.005974626541137696,0.0003261880761862921,0.1,"(100,)",70,"{'NN__alpha': 0.1, 'NN__hidden_layer_sizes': (100,), 'gmm__n_components': 70}",0.5050890585241731,0.5127226463104325,0.5172413793103449,0.5051150895140665,0.5262483994878361,0.5132720775906074,0.007967933288003886,47,0.5325670498084292,0.5456577266922095,0.5384370015948964,0.5207270408163265,0.5400063755180108,0.5354790388859745,0.008472934949102213
12,0.12492160797119141,0.023415790799419935,0.0009744167327880859,2.254839851649361e-05,0.1,"(50,)",2,"{'NN__alpha': 0.1, 'NN__hidden_layer_sizes': (50,), 'gmm__n_components': 2}",0.44529262086513993,0.4681933842239186,0.4648786717752235,0.46547314578005117,0.49039692701664533,0.4668198060234814,0.014327195622040724,140,0.4728607918263091,0.4677522349936143,0.4682615629984051,0.4563137755102041,0.4941026458399745,0.47185820223370134,0.012387448810562954
13,0.4295805931091309,0.2134364417277101,0.0012598037719726562,1.367201150459877e-05,0.1,"(50,)",5,"{'NN__alpha': 0.1, 'NN__hidden_layer_sizes': (50,), 'gmm__n_components': 5}",0.47455470737913485,0.4592875318066158,0.4840357598978289,0.479539641943734,0.471190781049936,0.47371107708014293,0.008439677711921304,134,0.4885057471264368,0.4565772669220945,0.48229665071770333,0.4770408163265306,0.4711507810009563,0.47511425241874433,0.010899170255615409
14,0.4197643756866455,0.039138982931258504,0.001598215103149414,2.11581410958799e-05,0.1,"(50,)",10,"{'NN__alpha': 0.1, 'NN__hidden_layer_sizes': (50,), 'gmm__n_components': 10}",0.4732824427480916,0.4732824427480916,0.508301404853129,0.48721227621483376,0.5147247119078106,0.49132210311383356,0.017341563602351572,116,0.4859514687100894,0.48243933588761173,0.513237639553429,0.4888392857142857,0.5017532674529805,0.4944441994636793,0.011439179590777903
15,0.5448729515075683,0.08580957181624888,0.0019127845764160157,1.7485300653634397e-05,0.1,"(50,)",15,"{'NN__alpha': 0.1, 'NN__hidden_layer_sizes': (50,), 'gmm__n_components': 15}",0.48091603053435117,0.4961832061068702,0.5236270753512133,0.5063938618925832,0.49551856594110116,0.5005104645227156,0.014122668823657423,106,0.49169859514687103,0.49265644955300125,0.5154704944178629,0.4917091836734694,0.4956965253426841,0.4974462496267778,0.009130460863275815
16,0.7237497329711914,0.09183762853358597,0.0021971702575683595,2.4633427899419114e-05,0.1,"(50,)",20,"{'NN__alpha': 0.1, 'NN__hidden_layer_sizes': (50,), 'gmm__n_components': 20}",0.48854961832061067,0.5178117048346056,0.4661558109833972,0.5217391304347826,0.5185659411011524,0.5025523226135784,0.021803196777760745,99,0.4945721583652618,0.51213282247765,0.49250398724082933,0.5095663265306123,0.5151418552757412,0.504783429978019,0.009372741606172161
17,0.8967278003692627,0.0357586469393474,0.0026087284088134764,1.8998475395294338e-05,0.1,"(50,)",25,"{'NN__alpha': 0.1, 'NN__hidden_layer_sizes': (50,), 'gmm__n_components': 25}",0.5025445292620865,0.5190839694656488,0.5031928480204342,0.5063938618925832,0.49295774647887325,0.5048494129657989,0.008421841030302997,92,0.5194763729246488,0.5255427841634738,0.5279106858054227,0.5146683673469388,0.49282754223780684,0.5160851504956581,0.012519697487448685
18,1.0147160053253175,0.09845380334621426,0.0029387474060058594,2.659922303144784e-05,0.1,"(50,)",30,"{'NN__alpha': 0.1, 'NN__hidden_layer_sizes': (50,), 'gmm__n_components': 30}",0.4961832061068702,0.5012722646310432,0.5134099616858238,0.5255754475703325,0.5224071702944942,0.5117406840224604,0.011488172342100025,57,0.5127713920817369,0.5207535121328225,0.5110047846889952,0.5197704081632653,0.5129104239719477,0.5154421042077535,0.0040044270967457725
19,1.1567463397979736,0.22634549826175343,0.003271007537841797,4.178100403614538e-05,0.1,"(50,)",35,"{'NN__alpha': 0.1, 'NN__hidden_layer_sizes': (50,), 'gmm__n_components': 35}",0.5165394402035624,0.5178117048346056,0.5070242656449553,0.5421994884910486,0.49295774647887325,0.5153139356814701,0.016099244154406576,26,0.5140485312899106,0.5153256704980843,0.5205741626794258,0.517219387755102,0.4953777494421422,0.512509100332933,0.008843281481013482
20,1.3043971061706543,0.3042356567895991,0.0035231590270996095,2.0888733281905347e-05,0.1,"(50,)",40,"{'NN__alpha': 0.1, 'NN__hidden_layer_sizes': (50,), 'gmm__n_components': 40}",0.5038167938931297,0.5050890585241731,0.4929757343550447,0.5153452685421995,0.5262483994878361,0.5086778968861664,0.011269891888131234,68,0.5172413793103449,0.5114942528735632,0.5247208931419458,0.5232780612244898,0.5160981829773669,0.5185665539055421,0.004856759769372638
21,1.4475350379943848,0.16154558010597247,0.004236841201782226,8.587618787445649e-05,0.1,"(50,)",50,"{'NN__alpha': 0.1, 'NN__hidden_layer_sizes': (50,), 'gmm__n_components': 50}",0.5330788804071247,0.5038167938931297,0.4878671775223499,0.5319693094629157,0.5172855313700384,0.5148034711587545,0.017212223423691515,30,0.5268199233716475,0.5178799489144317,0.5189792663476874,0.5286989795918368,0.5211985973860376,0.5227153431223283,0.004296307923383991
22,1.8454348564147949,0.21350348025975233,0.004994583129882812,0.00015195614451602119,0.1,"(50,)",60,"{'NN__alpha': 0.1, 'NN__hidden_layer_sizes': (50,), 'gmm__n_components': 60}",0.5025445292620865,0.5305343511450382,0.5057471264367817,0.5319693094629157,0.5236875800256082,0.5188871873404798,0.012411778097189784,7,0.5185185185185185,0.5376756066411239,0.5425837320574163,0.5436862244897959,0.5304430985017533,0.5345814360417216,0.009291404230331727
23,2.0977492332458496,0.2492411084098356,0.00567479133605957,0.00021583671449848648,0.1,"(50,)",70,"{'NN__alpha': 0.1, 'NN__hidden_layer_sizes': (50,), 'gmm__n_components': 70}",0.5076335877862596,0.5139949109414759,0.5172413793103449,0.520460358056266,0.5198463508322664,0.5158244002041859,0.004695297624389791,22,0.5341634738186463,0.5478927203065134,0.5377990430622009,0.5299744897959183,0.535543512910424,0.5370746479787406,0.005979749040466371
24,0.19420962333679198,0.043293078789838374,0.0010807514190673828,1.4848712168982943e-05,0.1,"(50, 50)",2,"{'NN__alpha': 0.1, 'NN__hidden_layer_sizes': (50, 50), 'gmm__n_components': 2}",0.45038167938931295,0.4669211195928753,0.46360153256704983,0.46547314578005117,0.4878361075544174,0.4668198060234814,0.012028536571563159,140,0.4731800766283525,0.46871008939974457,0.4625199362041467,0.45471938775510207,0.4925087663372649,0.47032765126492215,0.01270695090850964
25,0.3333125114440918,0.032262415009354395,0.0013708114624023438,2.6983506553538298e-05,0.1,"(50, 50)",5,"{'NN__alpha': 0.1, 'NN__hidden_layer_sizes': (50, 50), 'gmm__n_components': 5}",0.4707379134860051,0.4618320610687023,0.4840357598978289,0.48721227621483376,0.47503201024327785,0.47575293517100564,0.009162213476640585,124,0.48659003831417624,0.4671136653895275,0.48261562998405105,0.48341836734693877,0.47784507491233663,0.479516555189406,0.006804235268073068
26,0.511452579498291,0.07690615992992303,0.0016934871673583984,2.395602548042387e-05,0.1,"(50, 50)",10,"{'NN__alpha': 0.1, 'NN__hidden_layer_sizes': (50, 50), 'gmm__n_components': 10}",0.49363867684478374,0.49363867684478374,0.508301404853129,0.479539641943734,0.5083226632522407,0.49668198060234814,0.010787060847013148,111,0.5070242656449553,0.4846743295019157,0.5103668261562998,0.4882015306122449,0.5055785782594836,0.4991691060349798,0.01056939033253229
27,0.6543986320495605,0.1376586103691046,0.0020735740661621095,5.451677373770514e-05,0.1,"(50, 50)",15,"{'NN__alpha': 0.1, 'NN__hidden_layer_sizes': (50, 50), 'gmm__n_components': 15}",0.4821882951653944,0.49236641221374045,0.5159642401021711,0.5217391304347826,0.4980793854033291,0.5020418580908627,0.014736321819413934,103,0.48946360153256707,0.5057471264367817,0.5145135566188198,0.5086096938775511,0.4950589735416003,0.5026785904014639,0.009136244514090432
28,1.021958017349243,0.3501123786914576,0.002455997467041016,1.8696273591437905e-05,0.1,"(50, 50)",20,"{'NN__alpha': 0.1, 'NN__hidden_layer_sizes': (50, 50), 'gmm__n_components': 20}",0.4910941475826972,0.5229007633587787,0.5159642401021711,0.5294117647058824,0.5224071702944942,0.5163348647269015,0.01334040555027928,19,0.5118135376756067,0.5089399744572158,0.5138755980861244,0.5127551020408163,0.5097226649665285,0.5114213754452582,0.0018438435276104477
29,1.1625284194946288,0.11709472829561436,0.0027989864349365233,5.6369816473589715e-05,0.1,"(50, 50)",25,"{'NN__alpha': 0.1, 'NN__hidden_layer_sizes': (50, 50), 'gmm__n_components': 25}",0.5050890585241731,0.5178117048346056,0.5197956577266922,0.49232736572890023,0.5147247119078106,0.5099540581929556,0.010150909800453366,63,0.5290549169859514,0.5274584929757343,0.5381180223285487,0.5060586734693877,0.503665922856232,0.5208712057231708,0.013588605790886917
30,1.1829444408416747,0.1459413977410953,0.0031153202056884766,4.892047144019282e-05,0.1,"(50, 50)",30,"{'NN__alpha': 0.1, 'NN__hidden_layer_sizes': (50, 50), 'gmm__n_components': 30}",0.5063613231552163,0.5038167938931297,0.5031928480204342,0.5127877237851662,0.5134443021766966,0.5079122001020929,0.004375302076602773,75,0.5159642401021711,0.5156449553001277,0.5141945773524721,0.5092474489795918,0.5132291998724896,0.5136560843213704,0.0024162558445912524
31,1.2731838703155518,0.22187393828710122,0.003485107421875,6.273346926850263e-05,0.1,"(50, 50)",35,"{'NN__alpha': 0.1, 'NN__hidden_layer_sizes': (50, 50), 'gmm__n_components': 35}",0.5139949109414759,0.5254452926208651,0.5057471264367817,0.530690537084399,0.499359795134443,0.5150587034201123,0.011708792527976176,29,0.5169220945083014,0.5185185185185185,0.5231259968102073,0.5191326530612245,0.5007969397513548,0.5156992405299212,0.007726154272096453
32,1.3266027927398683,0.3610281405770277,0.0037383556365966795,5.9357971935097286e-05,0.1,"(50, 50)",40,"{'NN__alpha': 0.1, 'NN__hidden_layer_sizes': (50, 50), 'gmm__n_components': 40}",0.5089058524173028,0.5127226463104325,0.48020434227330777,0.510230179028133,0.5236875800256082,0.5071465033180194,0.014434726562353907,79,0.5194763729246488,0.5108556832694764,0.5208931419457735,0.5200892857142857,0.5065349059611094,0.5155698779630588,0.005794432490269527
33,1.4902516841888427,0.11948334114766432,0.004447746276855469,9.162465389999837e-05,0.1,"(50, 50)",50,"{'NN__alpha': 0.1, 'NN__hidden_layer_sizes': (50, 50), 'gmm__n_components': 50}",0.5216284987277354,0.5152671755725191,0.5108556832694764,0.5281329923273658,0.5147247119078106,0.5181214905564063,0.006079238589225733,10,0.5105363984674329,0.518837803320562,0.5301435406698565,0.5286989795918368,0.5221549250876634,0.5220743294274703,0.00710779301350598
34,1.90526123046875,0.26154944899168536,0.005227279663085937,0.0002702808075594542,0.1,"(50, 50)",60,"{'NN__alpha': 0.1, 'NN__hidden_layer_sizes': (50, 50), 'gmm__n_components': 60}",0.5127226463104325,0.5,0.5146871008939975,0.5345268542199488,0.5096030729833547,0.5142930066360388,0.011296367925151134,34,0.5220306513409961,0.5223499361430396,0.5422647527910686,0.5408163265306123,0.5301243226012113,0.5315171978813856,0.008694332461551692
35,2.2052770614624024,0.1371596241590646,0.005956792831420898,0.00031284052224609955,0.1,"(50, 50)",70,"{'NN__alpha': 0.1, 'NN__hidden_layer_sizes': (50, 50), 'gmm__n_components': 70}",0.4961832061068702,0.510178117048346,0.5146871008939975,0.5242966751918159,0.47247119078104993,0.5035732516590097,0.01797038061283962,96,0.5213920817369093,0.5491698595146871,0.5384370015948964,0.532844387755102,0.48677080012751034,0.525722826145821,0.021438964289218116
36,0.1427987575531006,0.025448421091009702,0.0011933803558349609,0.0001152646302353285,0.01,"(100,)",2,"{'NN__alpha': 0.01, 'NN__hidden_layer_sizes': (100,), 'gmm__n_components': 2}",0.44656488549618323,0.4681933842239186,0.4661558109833972,0.49744245524296676,0.49167733674775926,0.47396630934150075,0.018494147122589667,125,0.47477650063856963,0.46360153256704983,0.4711323763955343,0.4684311224489796,0.49218999043672296,0.4740263044973713,0.00978610272750225
37,0.30084800720214844,0.06395904272438792,0.001405048370361328,1.2865239729680373e-05,0.01,"(100,)",5,"{'NN__alpha': 0.01, 'NN__hidden_layer_sizes': (100,), 'gmm__n_components': 5}",0.4707379134860051,0.4618320610687023,0.4878671775223499,0.4731457800511509,0.47631241997439183,0.47396630934150075,0.008454459777564868,125,0.4821200510855683,0.4703065134099617,0.48165869218500795,0.4690688775510204,0.4740197641058336,0.4754347796674784,0.0055182612218595975
38,0.5045697689056396,0.09616238859848357,0.001855611801147461,0.0001380140884103634,0.01,"(100,)",10,"{'NN__alpha': 0.01, 'NN__hidden_layer_sizes': (100,), 'gmm__n_components': 10}",0.494910941475827,0.4860050890585242,0.44699872286079184,0.4820971867007673,0.5032010243277849,0.4826442062276672,0.0192528991619685,119,0.5012771392081737,0.4948914431673052,0.4472089314194577,0.48788265306122447,0.499840612049729,0.48622015578117805,0.02006021100199987
39,0.7002472877502441,0.09787994677418288,0.0022345066070556642,0.00017316073370026103,0.01,"(100,)",15,"{'NN__alpha': 0.01, 'NN__hidden_layer_sizes': (100,), 'gmm__n_components': 15}",0.4821882951653944,0.49236641221374045,0.5095785440613027,0.5255754475703325,0.49295774647887325,0.5005104645227156,0.015292159788357384,106,0.493933588761175,0.4901021711366539,0.5164274322169059,0.5102040816326531,0.5017532674529805,0.5024841082400736,0.009807875924512776
40,0.8006002902984619,0.08360102844486308,0.0025255680084228516,0.00014883179305260176,0.01,"(100,)",20,"{'NN__alpha': 0.01, 'NN__hidden_layer_sizes': (100,), 'gmm__n_components': 20}",0.49236641221374045,0.5216284987277354,0.5070242656449553,0.5268542199488491,0.5224071702944942,0.514037774374681,0.012741850978665413,39,0.5111749680715197,0.5146871008939975,0.5141945773524721,0.5092474489795918,0.5109977685686962,0.5120603727732554,0.0020630142634799186
41,0.9252720832824707,0.07197077161353646,0.00277562141418457,2.1330349727768766e-05,0.01,"(100,)",25,"{'NN__alpha': 0.01, 'NN__hidden_layer_sizes': (100,), 'gmm__n_components': 25}",0.5050890585241731,0.5190839694656488,0.5146871008939975,0.5166240409207161,0.5147247119078106,0.514037774374681,0.004763057726244839,39,0.5300127713920817,0.5293742017879949,0.528548644338118,0.5143494897959183,0.5090851131654447,0.5222740440959115,0.008791100130911974
42,1.0517097473144532,0.10008795228026833,0.003101634979248047,2.4463837517469513e-05,0.01,"(100,)",30,"{'NN__alpha': 0.01, 'NN__hidden_layer_sizes': (100,), 'gmm__n_components': 30}",0.5,0.5025445292620865,0.5031928480204342,0.5294117647058824,0.5057618437900128,0.5081674323634507,0.010765876226425442,72,0.514367816091954,0.5185185185185185,0.5125996810207336,0.5181760204081632,0.5097226649665285,0.5146769402011796,0.0033453458051891038
43,1.1810908794403077,0.24757689414748607,0.0036370277404785155,0.00021979221093451002,0.01,"(100,)",35,"{'NN__alpha': 0.01, 'NN__hidden_layer_sizes': (100,), 'gmm__n_components': 35}",0.494910941475827,0.5114503816793893,0.5019157088122606,0.5383631713554987,0.4967989756722151,0.5086778968861664,0.01589697271966934,68,0.5003192848020435,0.5201149425287356,0.49984051036682614,0.5207270408163265,0.5033471469556902,0.5088697850939243,0.009509852452534443
44,1.397025966644287,0.2221197634856116,0.003843212127685547,3.766126166016492e-05,0.01,"(100,)",40,"{'NN__alpha': 0.01, 'NN__hidden_layer_sizes': (100,), 'gmm__n_components': 40}",0.5050890585241731,0.5076335877862596,0.4891443167305236,0.510230179028133,0.5172855313700384,0.5058703420112303,0.009296451979910098,86,0.5175606641123882,0.5057471264367817,0.5177033492822967,0.5178571428571429,0.515460631176283,0.5148657827729786,0.004642545471656936
45,1.6378620624542237,0.20414552287833024,0.004561233520507813,7.635224618178294e-05,0.01,"(100,)",50,"{'NN__alpha': 0.01, 'NN__hidden_layer_sizes': (100,), 'gmm__n_components': 50}",0.5190839694656488,0.5241730279898219,0.49680715197956576,0.5230179028132992,0.499359795134443,0.512506380806534,0.011905692113222706,50,0.5274584929757343,0.518837803320562,0.5358851674641149,0.5277423469387755,0.5176920624800765,0.5255231746358526,0.006664256678420431
46,1.8574650287628174,0.08797303854384661,0.005204391479492187,0.00015916138640502208,0.01,"(100,)",60,"{'NN__alpha': 0.01, 'NN__hidden_layer_sizes': (100,), 'gmm__n_components': 60}",0.510178117048346,0.539440203562341,0.5172413793103449,0.5396419437340153,0.5057618437900128,0.5224604389994896,0.014423937448101703,3,0.5233077905491699,0.5411877394636015,0.5413078149920255,0.5462372448979592,0.5253426840930826,0.5354766547991678,0.009307930338372513
47,2.098382520675659,0.2059073632152572,0.006022119522094726,0.00034469454939350193,0.01,"(100,)",70,"{'NN__alpha': 0.01, 'NN__hidden_layer_sizes': (100,), 'gmm__n_components': 70}",0.5076335877862596,0.5127226463104325,0.51213282247765,0.520460358056266,0.5096030729833547,0.512506380806534,0.004371292496452081,50,0.5319284802043422,0.5459770114942529,0.5432216905901116,0.5373086734693877,0.5262990117947083,0.5369469735105605,0.007205676249213059
48,0.13316850662231444,0.03186561722249376,0.0009768009185791016,2.6931381087801012e-05,0.01,"(50,)",2,"{'NN__alpha': 0.01, 'NN__hidden_layer_sizes': (50,), 'gmm__n_components': 2}",0.4491094147582697,0.4669211195928753,0.4559386973180077,0.4641943734015345,0.49039692701664533,0.46528841245533437,0.014015177443946704,144,0.4722222222222222,0.4677522349936143,0.46411483253588515,0.45376275510204084,0.4941026458399745,0.4703909381387474,0.013330021833676419
49,0.27820911407470705,0.0395273964527103,0.0012686729431152343,1.180631856226652e-05,0.01,"(50,)",5,"{'NN__alpha': 0.01, 'NN__hidden_layer_sizes': (50,), 'gmm__n_components': 5}",0.4732824427480916,0.4592875318066158,0.48659003831417624,0.479539641943734,0.471190781049936,0.47396630934150075,0.00910503888519384,125,0.4888250319284802,0.46839080459770116,0.4829346092503987,0.4764030612244898,0.4701944532993306,0.47734959206008015,0.007684138745413212
50,0.422166109085083,0.03248335591490476,0.0016069889068603515,2.906962950798977e-05,0.01,"(50,)",10,"{'NN__alpha': 0.01, 'NN__hidden_layer_sizes': (50,), 'gmm__n_components': 10}",0.4707379134860051,0.4758269720101781,0.51213282247765,0.4884910485933504,0.5160051216389244,0.49259826442062277,0.018469872454668967,115,0.4875478927203065,0.4821200510855683,0.5138755980861244,0.4897959183673469,0.5001593879502709,0.49469976964192347,0.011233576886962554
51,0.5755196571350097,0.09118613795249704,0.0019509315490722657,2.716775262702628e-05,0.01,"(50,)",15,"{'NN__alpha': 0.01, 'NN__hidden_layer_sizes': (50,), 'gmm__n_components': 15}",0.48091603053435117,0.494910941475827,0.5287356321839081,0.5153452685421995,0.4942381562099872,0.5028075548749362,0.017000404734668816,98,0.49201787994891444,0.49265644955300125,0.519298245614035,0.5019132653061225,0.4963340771437679,0.5004439835131682,0.010061592569537
52,0.7611018657684326,0.07930874413520372,0.0022420406341552733,3.1995879910742035e-05,0.01,"(50,)",20,"{'NN__alpha': 0.01, 'NN__hidden_layer_sizes': (50,), 'gmm__n_components': 20}",0.49236641221374045,0.5165394402035624,0.4648786717752235,0.5217391304347826,0.5160051216389244,0.5022970903522205,0.021288306315242447,102,0.49265644955300125,0.5156449553001277,0.49250398724082933,0.5098852040816326,0.5135479757730316,0.5048477143897245,0.010184751347546242
53,0.9296360969543457,0.06481537757758632,0.0026853084564208984,7.824402316330112e-05,0.01,"(50,)",25,"{'NN__alpha': 0.01, 'NN__hidden_layer_sizes': (50,), 'gmm__n_components': 25}",0.5012722646310432,0.5190839694656488,0.5057471264367817,0.510230179028133,0.499359795134443,0.5071465033180194,0.007063001640464103,79,0.5201149425287356,0.5223499361430396,0.5282296650717704,0.5146683673469388,0.49218999043672296,0.5155105803054415,0.012444366529012974
54,1.0040780067443849,0.08841864542170831,0.002950716018676758,3.742530792184443e-05,0.01,"(50,)",30,"{'NN__alpha': 0.01, 'NN__hidden_layer_sizes': (50,), 'gmm__n_components': 30}",0.494910941475827,0.48854961832061067,0.5057471264367817,0.5255754475703325,0.5160051216389244,0.5061255742725881,0.0134978769389887,85,0.5124521072796935,0.5181992337164751,0.5087719298245614,0.5143494897959183,0.5103602167676123,0.512826595476852,0.0032817077158080955
55,1.1803885459899903,0.2205611784719541,0.0032735824584960937,3.869897099054928e-05,0.01,"(50,)",35,"{'NN__alpha': 0.01, 'NN__hidden_layer_sizes': (50,), 'gmm__n_components': 35}",0.5152671755725191,0.5139949109414759,0.508301404853129,0.5396419437340153,0.49551856594110116,0.5145482388973966,0.014346803118446005,32,0.5111749680715197,0.5169220945083014,0.5221690590111643,0.5184948979591837,0.4963340771437679,0.5130190193387874,0.00906344624938785
56,1.381408166885376,0.27362026811572576,0.003625011444091797,2.753816124505763e-05,0.01,"(50,)",40,"{'NN__alpha': 0.01, 'NN__hidden_layer_sizes': (50,), 'gmm__n_components': 40}",0.5063613231552163,0.5076335877862596,0.4955300127713921,0.5153452685421995,0.5352112676056338,0.5119959162838182,0.013192512940352778,54,0.5166028097062579,0.51213282247765,0.5237639553429028,0.5220025510204082,0.5160981829773669,0.5181200643049172,0.004222898044297176
57,1.5294496536254882,0.11429961414352294,0.004264354705810547,4.158965930612199e-05,0.01,"(50,)",50,"{'NN__alpha': 0.01, 'NN__hidden_layer_sizes': (50,), 'gmm__n_components': 50}",0.5381679389312977,0.5050890585241731,0.4929757343550447,0.5332480818414322,0.5211267605633803,0.5181214905564063,0.01698604440806424,10,0.527139208173691,0.5223499361430396,0.5177033492822967,0.5286989795918368,0.5231112527892892,0.5238005451960306,0.0038703105473716594
58,1.7806084156036377,0.18941504090870903,0.004953241348266602,0.0001776299762783153,0.01,"(50,)",60,"{'NN__alpha': 0.01, 'NN__hidden_layer_sizes': (50,), 'gmm__n_components': 60}",0.5012722646310432,0.5254452926208651,0.5044699872286079,0.5358056265984654,0.5224071702944942,0.5178662582950485,0.013075623453188627,13,0.5194763729246488,0.5274584929757343,0.5416267942583732,0.5417729591836735,0.5294867708001275,0.5319642780285115,0.008625107080930393
59,1.9720076084136964,0.1433530859410223,0.0056670188903808595,0.000188206931683863,0.01,"(50,)",70,"{'NN__alpha': 0.01, 'NN__hidden_layer_sizes': (50,), 'gmm__n_components': 70}",0.49745547073791346,0.5152671755725191,0.5197956577266922,0.5076726342710998,0.528809218950064,0.5137825421133231,0.010658677513669747,43,0.5325670498084292,0.54757343550447,0.5377990430622009,0.5334821428571429,0.5409627032196366,0.538476874890376,0.00546369095133941
60,0.20698118209838867,0.03800043669605637,0.001078033447265625,1.558141571524441e-05,0.01,"(50, 50)",2,"{'NN__alpha': 0.01, 'NN__hidden_layer_sizes': (50, 50), 'gmm__n_components': 2}",0.45038167938931295,0.4669211195928753,0.4610472541507024,0.47698209718670076,0.4878361075544174,0.4686064318529862,0.0128970329259818,138,0.4734993614303959,0.46839080459770116,0.4625199362041467,0.46364795918367346,0.4925087663372649,0.4721133655506364,0.010912816405109561
61,0.3932072162628174,0.10138700531952294,0.0013905048370361328,3.35801036861508e-05,0.01,"(50, 50)",5,"{'NN__alpha': 0.01, 'NN__hidden_layer_sizes': (50, 50), 'gmm__n_components': 5}",0.4732824427480916,0.46055979643765904,0.48531289910600256,0.49104859335038364,0.47759282970550576,0.4775395610005105,0.010486912621557652,122,0.4827586206896552,0.469029374201788,0.4829346092503987,0.4830994897959184,0.48167038571883963,0.47989849593132006,0.005457509689065649
62,0.5527741432189941,0.12322724876883924,0.0017597675323486328,1.0418646392722951e-05,0.01,"(50, 50)",10,"{'NN__alpha': 0.01, 'NN__hidden_layer_sizes': (50, 50), 'gmm__n_components': 10}",0.49872773536895676,0.49236641221374045,0.4955300127713921,0.47698209718670076,0.5070422535211268,0.4941296579887698,0.009858047158099629,112,0.5076628352490421,0.4952107279693487,0.503030303030303,0.4872448979591837,0.503665922856232,0.49936293741282184,0.007279303288812406
63,0.7600295066833496,0.17654911694190448,0.0021169185638427734,2.5376071134491593e-05,0.01,"(50, 50)",15,"{'NN__alpha': 0.01, 'NN__hidden_layer_sizes': (50, 50), 'gmm__n_components': 15}",0.5050890585241731,0.4872773536895674,0.5146871008939975,0.5140664961636828,0.4980793854033291,0.5038284839203675,0.010312492094720545,94,0.5006385696040868,0.5076628352490421,0.517384370015949,0.5121173469387755,0.496015301243226,0.5067636846102159,0.0076852314152429215
64,0.9178491115570069,0.06120057813829017,0.002485370635986328,4.407084725821158e-05,0.01,"(50, 50)",20,"{'NN__alpha': 0.01, 'NN__hidden_layer_sizes': (50, 50), 'gmm__n_components': 20}",0.4821882951653944,0.5254452926208651,0.5146871008939975,0.5230179028132992,0.5262483994878361,0.5142930066360388,0.016596412283692588,34,0.49616858237547895,0.51213282247765,0.5129186602870813,0.5102040816326531,0.515779407076825,0.5094407107699376,0.0068739333187715634
65,1.0388250827789307,0.09933508483752432,0.002800130844116211,3.4477865618940854e-05,0.01,"(50, 50)",25,"{'NN__alpha': 0.01, 'NN__hidden_layer_sizes': (50, 50), 'gmm__n_components': 25}",0.5025445292620865,0.5203562340966921,0.5172413793103449,0.5089514066496164,0.5108834827144686,0.5119959162838182,0.006287903119162443,54,0.5290549169859514,0.527139208173691,0.5368421052631579,0.5130739795918368,0.5100414408670705,0.5232303301763415,0.010115174918136545
66,1.1837638854980468,0.2000602655643244,0.0031873226165771485,8.942795824954686e-05,0.01,"(50, 50)",30,"{'NN__alpha': 0.01, 'NN__hidden_layer_sizes': (50, 50), 'gmm__n_components': 30}",0.5050890585241731,0.5025445292620865,0.5057471264367817,0.5153452685421995,0.5172855313700384,0.5091883614088821,0.005935338292841413,66,0.5162835249042146,0.5210727969348659,0.5151515151515151,0.5108418367346939,0.5087663372649027,0.5144232021980384,0.0043135750821595145
67,1.1887562274932861,0.2205784845995952,0.003407859802246094,1.0305200087941814e-05,0.01,"(50, 50)",35,"{'NN__alpha': 0.01, 'NN__hidden_layer_sizes': (50, 50), 'gmm__n_components': 35}",0.5139949109414759,0.5254452926208651,0.5185185185185185,0.5281329923273658,0.5121638924455826,0.5196528841245533,0.00624044186209053,5,0.5175606641123882,0.5207535121328225,0.522488038277512,0.5184948979591837,0.503665922856232,0.5165926070676277,0.006689159138355065
68,1.3230348110198975,0.27768175012710633,0.003819894790649414,0.00014080964949703397,0.01,"(50, 50)",40,"{'NN__alpha': 0.01, 'NN__hidden_layer_sizes': (50, 50), 'gmm__n_components': 40}",0.5089058524173028,0.510178117048346,0.48531289910600256,0.5051150895140665,0.5172855313700384,0.5053598774885145,0.01076365862918908,91,0.514367816091954,0.5105363984674329,0.523444976076555,0.5213647959183674,0.5180108383806185,0.5175449649869857,0.004665459398183063
69,1.4617149829864502,0.14091349520576588,0.004495573043823242,0.0001583193006388753,0.01,"(50, 50)",50,"{'NN__alpha': 0.01, 'NN__hidden_layer_sizes': (50, 50), 'gmm__n_components': 50}",0.5190839694656488,0.5152671755725191,0.5070242656449553,0.5255754475703325,0.5121638924455826,0.5158244002041859,0.006270494257584502,22,0.5111749680715197,0.5175606641123882,0.5279106858054227,0.5245535714285714,0.523430028689831,0.5209259836215466,0.005909710301778001
70,1.9919299125671386,0.17555418800609213,0.005280017852783203,0.0002878949113659607,0.01,"(50, 50)",60,"{'NN__alpha': 0.01, 'NN__hidden_layer_sizes': (50, 50), 'gmm__n_components': 60}",0.5076335877862596,0.5178117048346056,0.5146871008939975,0.5230179028132992,0.5172855313700384,0.5160796324655437,0.005019795766531517,20,0.5236270753512133,0.539272030651341,0.5464114832535886,0.5385841836734694,0.5323557539050048,0.5360501053669233,0.007643826458100207
71,2.2071814060211183,0.14937142498890058,0.005974388122558594,0.0003351839152793093,0.01,"(50, 50)",70,"{'NN__alpha': 0.01, 'NN__hidden_layer_sizes': (50, 50), 'gmm__n_components': 70}",0.49745547073791346,0.510178117048346,0.5185185185185185,0.5191815856777494,0.5326504481434059,0.5155691679428279,0.01158257613259204,25,0.5245849297573435,0.5469348659003831,0.5374800637958532,0.5318877551020408,0.5390500478163851,0.5359875324744012,0.007460271876158305
72,0.14465174674987794,0.02713681926778736,0.0012050151824951171,0.00012195602297065032,0.001,"(100,)",2,"{'NN__alpha': 0.001, 'NN__hidden_layer_sizes': (100,), 'gmm__n_components': 2}",0.44656488549618323,0.4681933842239186,0.4661558109833972,0.49744245524296676,0.49167733674775926,0.47396630934150075,0.018494147122589667,125,0.47477650063856963,0.46360153256704983,0.4711323763955343,0.4684311224489796,0.49218999043672296,0.4740263044973713,0.00978610272750225
73,0.29120464324951173,0.06385062603540285,0.0013552188873291015,3.073229356886848e-05,0.001,"(100,)",5,"{'NN__alpha': 0.001, 'NN__hidden_layer_sizes': (100,), 'gmm__n_components': 5}",0.4707379134860051,0.46055979643765904,0.4878671775223499,0.4731457800511509,0.47631241997439183,0.47371107708014293,0.008827886092102603,134,0.4821200510855683,0.46998722860791825,0.4810207336523126,0.4690688775510204,0.4740197641058336,0.4752433310005307,0.005439030506190814
74,0.43964414596557616,0.06622648607000765,0.001751279830932617,0.00016157355333687933,0.001,"(100,)",10,"{'NN__alpha': 0.001, 'NN__hidden_layer_sizes': (100,), 'gmm__n_components': 10}",0.494910941475827,0.48854961832061067,0.44699872286079184,0.4782608695652174,0.5032010243277849,0.48238897396630936,0.019470856563793798,120,0.5028735632183908,0.4878671775223499,0.4472089314194577,0.48788265306122447,0.4992030602486452,0.48500707709401364,0.01982869734600569
75,0.6366808414459229,0.10300134919630805,0.0021543502807617188,0.000169090450065424,0.001,"(100,)",15,"{'NN__alpha': 0.001, 'NN__hidden_layer_sizes': (100,), 'gmm__n_components': 15}",0.4796437659033079,0.49236641221374045,0.5134099616858238,0.5255754475703325,0.4967989756722151,0.501531393568147,0.016155739460160808,105,0.49137931034482757,0.48946360153256707,0.5141945773524721,0.5105229591836735,0.499840612049729,0.5010802120926539,0.009917074091535324
76,0.8010618686676025,0.07908555168057287,0.0024821281433105467,0.00011044339166518626,0.001,"(100,)",20,"{'NN__alpha': 0.001, 'NN__hidden_layer_sizes': (100,), 'gmm__n_components': 20}",0.494910941475827,0.5203562340966921,0.5070242656449553,0.5255754475703325,0.5224071702944942,0.514037774374681,0.011478793746798393,39,0.5111749680715197,0.514367816091954,0.5138755980861244,0.5098852040816326,0.5109977685686962,0.5120602709799854,0.0017472129562303724
77,0.9699179172515869,0.05037722837847918,0.002787494659423828,4.289165478775233e-05,0.001,"(100,)",25,"{'NN__alpha': 0.001, 'NN__hidden_layer_sizes': (100,), 'gmm__n_components': 25}",0.5012722646310432,0.5216284987277354,0.51213282247765,0.5166240409207161,0.5044814340588989,0.5112302194997448,0.007525462133879889,59,0.5293742017879949,0.526500638569604,0.5282296650717704,0.5146683673469388,0.507810009563277,0.521316576467917,0.008558231754088097
78,1.1221843242645264,0.08829792036408901,0.0031591415405273437,6.389717556760176e-05,0.001,"(100,)",30,"{'NN__alpha': 0.001, 'NN__hidden_layer_sizes': (100,), 'gmm__n_components': 30}",0.49363867684478374,0.5089058524173028,0.5019157088122606,0.5319693094629157,0.5044814340588989,0.5081674323634507,0.012886010891201298,72,0.5114942528735632,0.5229885057471264,0.5125996810207336,0.5191326530612245,0.5103602167676123,0.515315061894052,0.004898532596016758
79,1.2405425548553466,0.2887419282816682,0.0034096240997314453,2.6320374509881872e-05,0.001,"(100,)",35,"{'NN__alpha': 0.001, 'NN__hidden_layer_sizes': (100,), 'gmm__n_components': 35}",0.510178117048346,0.5165394402035624,0.5057471264367817,0.5421994884910486,0.5108834827144686,0.5171005615109749,0.012995216755008851,17,0.5197956577266922,0.5207535121328225,0.5004784688995215,0.5216836734693877,0.504303474657316,0.513402957377148,0.009091870216323277
80,1.2778406143188477,0.2576116047172163,0.0037535667419433595,1.6139793214545634e-05,0.001,"(100,)",40,"{'NN__alpha': 0.001, 'NN__hidden_layer_sizes': (100,), 'gmm__n_components': 40}",0.5038167938931297,0.5063613231552163,0.49169859514687103,0.5076726342710998,0.5198463508322664,0.5058703420112303,0.008978627368960051,86,0.518837803320562,0.5073435504469987,0.5228070175438596,0.5178571428571429,0.5125916480714058,0.5158874324479938,0.00537261983736847
81,1.5120795726776124,0.22739878354074536,0.004463005065917969,3.491099354154548e-05,0.001,"(100,)",50,"{'NN__alpha': 0.001, 'NN__hidden_layer_sizes': (100,), 'gmm__n_components': 50}",0.5254452926208651,0.5229007633587787,0.49680715197956576,0.5242966751918159,0.4967989756722151,0.5132720775906074,0.013448264239155225,47,0.526500638569604,0.518837803320562,0.5365231259968102,0.5274234693877551,0.5183296142811603,0.5255229303111782,0.006663437337152116
82,1.8487668991088868,0.12932098830904534,0.0052831172943115234,0.00021553540645952068,0.001,"(100,)",60,"{'NN__alpha': 0.001, 'NN__hidden_layer_sizes': (100,), 'gmm__n_components': 60}",0.5114503816793893,0.5381679389312977,0.5197956577266922,0.5421994884910486,0.5083226632522407,0.5239918325676366,0.013802113344438044,1,0.5226692209450831,0.5408684546615581,0.5365231259968102,0.5465561224489796,0.5272553394963341,0.534774452709753,0.008741580629271384
83,2.0610239505767822,0.13289779943788915,0.006037235260009766,0.0003509242562426276,0.001,"(100,)",70,"{'NN__alpha': 0.001, 'NN__hidden_layer_sizes': (100,), 'gmm__n_components': 70}",0.5089058524173028,0.5127226463104325,0.5185185185185185,0.520460358056266,0.5070422535211268,0.5135273098519653,0.005231658684605137,45,0.530970625798212,0.5459770114942529,0.5403508771929825,0.5382653061224489,0.5259802358941664,0.5363088113004125,0.007054303056080369
84,0.12557368278503417,0.024460127921699607,0.0009827136993408204,2.2915684549739336e-05,0.001,"(50,)",2,"{'NN__alpha': 0.001, 'NN__hidden_layer_sizes': (50,), 'gmm__n_components': 2}",0.4491094147582697,0.4669211195928753,0.454661558109834,0.46675191815856776,0.49039692701664533,0.4655436447166922,0.014200257740555661,142,0.4715836526181354,0.4677522349936143,0.46347687400318976,0.45982142857142855,0.4941026458399745,0.4713473672052685,0.012046372373405416
85,0.30155086517333984,0.06982724305068691,0.00127410888671875,1.300813165926811e-05,0.001,"(50,)",5,"{'NN__alpha': 0.001, 'NN__hidden_layer_sizes': (50,), 'gmm__n_components': 5}",0.4732824427480916,0.4592875318066158,0.48659003831417624,0.479539641943734,0.471190781049936,0.47396630934150075,0.00910503888519384,125,0.4888250319284802,0.46871008939974457,0.4829346092503987,0.4764030612244898,0.4701944532993306,0.4774134490204888,0.007610396654034613
86,0.40741519927978515,0.03820079814372648,0.001587247848510742,1.3369820069337184e-05,0.001,"(50,)",10,"{'NN__alpha': 0.001, 'NN__hidden_layer_sizes': (50,), 'gmm__n_components': 10}",0.4707379134860051,0.4758269720101781,0.51213282247765,0.4884910485933504,0.5185659411011524,0.49310872894333846,0.01913320575187975,114,0.48690932311621965,0.4821200510855683,0.5141945773524721,0.4882015306122449,0.5001593879502709,0.49431697402335517,0.011578339983174857
87,0.5422004699707031,0.10710987701010562,0.0019208908081054688,1.3821205435376357e-05,0.001,"(50,)",15,"{'NN__alpha': 0.001, 'NN__hidden_layer_sizes': (50,), 'gmm__n_components': 15}",0.4770992366412214,0.494910941475827,0.5274584929757343,0.5063938618925832,0.4967989756722151,0.5005104645227156,0.01646285681806265,106,0.4875478927203065,0.49265644955300125,0.5189792663476874,0.492984693877551,0.4963340771437679,0.4977004759284629,0.011003724056615488
88,0.739756441116333,0.05180194279701458,0.002206754684448242,2.0590533023175197e-05,0.001,"(50,)",20,"{'NN__alpha': 0.001, 'NN__hidden_layer_sizes': (50,), 'gmm__n_components': 20}",0.49236641221374045,0.5165394402035624,0.4648786717752235,0.5217391304347826,0.5198463508322664,0.503062787136294,0.021829780163599884,97,0.493933588761175,0.5162835249042146,0.49282296650717705,0.5092474489795918,0.5138667516735734,0.5052308561651463,0.009944417246739777
89,0.8337855815887452,0.029765014435854484,0.0025469779968261717,2.2745382359569242e-05,0.001,"(50,)",25,"{'NN__alpha': 0.001, 'NN__hidden_layer_sizes': (50,), 'gmm__n_components': 25}",0.5025445292620865,0.5190839694656488,0.5070242656449553,0.5076726342710998,0.499359795134443,0.5071465033180194,0.0067067936709971675,79,0.518837803320562,0.5226692209450831,0.5339712918660288,0.5143494897959183,0.4947401976410583,0.51691360071373,0.012853240960854335
90,0.9788018226623535,0.06778858010565628,0.002944183349609375,7.9785757807792e-05,0.001,"(50,)",30,"{'NN__alpha': 0.001, 'NN__hidden_layer_sizes': (50,), 'gmm__n_components': 30}",0.494910941475827,0.48854961832061067,0.5044699872286079,0.5230179028132992,0.5172855313700384,0.5056151097498723,0.01301037335126924,89,0.5124521072796935,0.518837803320562,0.5094098883572568,0.517219387755102,0.5103602167676123,0.5136558806960453,0.0037387117234300125
91,1.1447539806365967,0.33082450270015423,0.0032251358032226564,1.6352386286663445e-05,0.001,"(50,)",35,"{'NN__alpha': 0.001, 'NN__hidden_layer_sizes': (50,), 'gmm__n_components': 35}",0.5152671755725191,0.5139949109414759,0.5031928480204342,0.540920716112532,0.49551856594110116,0.5137825421133231,0.015373708754530738,43,0.5105363984674329,0.5162835249042146,0.5196172248803828,0.5188137755102041,0.49792795664647754,0.5126357760817424,0.00801176278537721
92,1.2674384117126465,0.24340293604189725,0.0035358428955078124,9.82863061411973e-06,0.001,"(50,)",40,"{'NN__alpha': 0.001, 'NN__hidden_layer_sizes': (50,), 'gmm__n_components': 40}",0.5076335877862596,0.5063613231552163,0.4955300127713921,0.5166240409207161,0.5339308578745199,0.5119959162838182,0.012827887424991604,54,0.5159642401021711,0.5134099616858238,0.5250398724082934,0.5213647959183674,0.5173732865795346,0.518630431338838,0.004110960387329766
93,1.4711174011230468,0.21802894209291382,0.004228544235229492,3.792501488065985e-05,0.001,"(50,)",50,"{'NN__alpha': 0.001, 'NN__hidden_layer_sizes': (50,), 'gmm__n_components': 50}",0.5356234096692112,0.5038167938931297,0.4891443167305236,0.530690537084399,0.5108834827144686,0.514037774374681,0.017193194508038943,39,0.5261813537675607,0.5226692209450831,0.5202551834130782,0.5322066326530612,0.5145043034746574,0.5231633388506881,0.005908806834409077
94,1.80019211769104,0.16444144402581395,0.004962015151977539,0.00019777900529530812,0.001,"(50,)",60,"{'NN__alpha': 0.001, 'NN__hidden_layer_sizes': (50,), 'gmm__n_components': 60}",0.5025445292620865,0.5254452926208651,0.5095785440613027,0.5358056265984654,0.5185659411011524,0.5183767228177641,0.01167967960095227,8,0.5191570881226054,0.5290549169859514,0.5416267942583732,0.5427295918367347,0.5301243226012113,0.5325385427609752,0.008757639320084673
95,2.0269208431243895,0.16290885629793775,0.005643987655639648,0.00019716640473223598,0.001,"(50,)",70,"{'NN__alpha': 0.001, 'NN__hidden_layer_sizes': (50,), 'gmm__n_components': 70}",0.510178117048346,0.5139949109414759,0.5223499361430396,0.510230179028133,0.5275288092189501,0.5168453292496171,0.006934609239880809,18,0.5354406130268199,0.5478927203065134,0.5381180223285487,0.5325255102040817,0.5422378068218042,0.5392429345375536,0.005378381166721988
96,6.31770339012146,12.230902705571333,0.001075601577758789,9.725607897935458e-07,0.001,"(50, 50)",2,"{'NN__alpha': 0.001, 'NN__hidden_layer_sizes': (50, 50), 'gmm__n_components': 2}",0.45038167938931295,0.4669211195928753,0.46360153256704983,0.47698209718670076,0.4878361075544174,0.46911689637570186,0.012635638832356378,137,0.4734993614303959,0.46871008939974457,0.46220095693779906,0.46396683673469385,0.4925087663372649,0.47217720216797965,0.010900248135463815
97,0.4393005847930908,0.1283800520576296,0.0013568401336669922,1.678913772196103e-05,0.001,"(50, 50)",5,"{'NN__alpha': 0.001, 'NN__hidden_layer_sizes': (50, 50), 'gmm__n_components': 5}",0.4707379134860051,0.46055979643765904,0.4878671775223499,0.4859335038363171,0.47631241997439183,0.4762633996937213,0.010058328784816023,123,0.48499361430395915,0.46871008939974457,0.48261562998405105,0.48628826530612246,0.4810328339177558,0.4807280865823266,0.006280099704574161
98,0.535238790512085,0.09601685044499218,0.0017385482788085938,7.135673304256716e-05,0.001,"(50, 50)",10,"{'NN__alpha': 0.001, 'NN__hidden_layer_sizes': (50, 50), 'gmm__n_components': 10}",0.4961832061068702,0.494910941475827,0.49936143039591313,0.4820971867007673,0.5121638924455826,0.49693721286370596,0.009606457588673532,110,0.5079821200510856,0.4984035759897829,0.5043062200956938,0.49043367346938777,0.5046222505578578,0.5011495680327616,0.006181886635050384
99,0.6925087928771972,0.13552820945099942,0.0020427703857421875,1.7601040673534154e-05,0.001,"(50, 50)",15,"{'NN__alpha': 0.001, 'NN__hidden_layer_sizes': (50, 50), 'gmm__n_components': 15}",0.4872773536895674,0.4860050890585242,0.5236270753512133,0.5166240409207161,0.499359795134443,0.5025523226135784,0.015233261893747834,99,0.4885057471264368,0.5076628352490421,0.5218500797448166,0.5082908163265306,0.49697162894485175,0.5046562214783356,0.011293976734185177
100,0.8533707141876221,0.06985136669385081,0.0024251461029052733,8.463294050639924e-05,0.001,"(50, 50)",20,"{'NN__alpha': 0.001, 'NN__hidden_layer_sizes': (50, 50), 'gmm__n_components': 20}",0.4821882951653944,0.5203562340966921,0.5146871008939975,0.5217391304347826,0.528809218950064,0.5135273098519653,0.016329857339126057,45,0.49648786717752236,0.5127713920817369,0.512280701754386,0.5105229591836735,0.5138667516735734,0.5091859343741785,0.006440057275717374
101,0.997607421875,0.1003529462964709,0.002848196029663086,0.0001398993740336763,0.001,"(50, 50)",25,"{'NN__alpha': 0.001, 'NN__hidden_layer_sizes': (50, 50), 'gmm__n_components': 25}",0.5038167938931297,0.5190839694656488,0.5146871008939975,0.4961636828644501,0.5083226632522407,0.5084226646248086,0.008055922362645514,71,0.5287356321839081,0.527139208173691,0.5374800637958532,0.5063775510204082,0.5074912336627351,0.521444737767319,0.012364758054302634
102,1.0844006538391113,0.1574311579448693,0.0030877113342285155,2.7445033605149996e-05,0.001,"(50, 50)",30,"{'NN__alpha': 0.001, 'NN__hidden_layer_sizes': (50, 50), 'gmm__n_components': 30}",0.5038167938931297,0.5076335877862596,0.5070242656449553,0.5115089514066496,0.5185659411011524,0.5096988259315978,0.005054998503446118,64,0.5172413793103449,0.5191570881226054,0.5135566188197768,0.5098852040816326,0.5004781638508129,0.5120636908370345,0.006607931855447378
103,1.1567044258117676,0.16955492514654197,0.003383827209472656,1.5026348680306443e-05,0.001,"(50, 50)",35,"{'NN__alpha': 0.001, 'NN__hidden_layer_sizes': (50, 50), 'gmm__n_components': 35}",0.5139949109414759,0.5241730279898219,0.508301404853129,0.5281329923273658,0.5134443021766966,0.5176110260336907,0.007357995297885083,15,0.5162835249042146,0.5201149425287356,0.519298245614035,0.5184948979591837,0.5046222505578578,0.5157627723128054,0.005714680670582657
104,1.3548772811889649,0.31784180657122846,0.0037392139434814452,2.187253655964682e-05,0.001,"(50, 50)",40,"{'NN__alpha': 0.001, 'NN__hidden_layer_sizes': (50, 50), 'gmm__n_components': 40}",0.5063613231552163,0.5089058524173028,0.4942528735632184,0.510230179028133,0.5198463508322664,0.5079122001020929,0.00821158618558343,75,0.5175606641123882,0.5098978288633461,0.5221690590111643,0.5184948979591837,0.5183296142811603,0.5172904128454484,0.004026294726002253
105,1.493926429748535,0.13626920915071045,0.004454326629638672,0.000120140860810503,0.001,"(50, 50)",50,"{'NN__alpha': 0.001, 'NN__hidden_layer_sizes': (50, 50), 'gmm__n_components': 50}",0.5190839694656488,0.5165394402035624,0.4942528735632184,0.5294117647058824,0.5211267605633803,0.5160796324655437,0.011730986112454142,20,0.5105363984674329,0.5178799489144317,0.5304625199362042,0.5271045918367347,0.5227924768887472,0.5217551872087102,0.007019806772850404
106,1.8436148166656494,0.2150436950864076,0.00519709587097168,0.0002698288046515185,0.001,"(50, 50)",60,"{'NN__alpha': 0.001, 'NN__hidden_layer_sizes': (50, 50), 'gmm__n_components': 60}",0.5076335877862596,0.5038167938931297,0.5185185185185185,0.5153452685421995,0.5096030729833547,0.510974987238387,0.005298931421320375,60,0.5217113665389528,0.5226692209450831,0.5384370015948964,0.5353954081632653,0.5320369780044628,0.530049995049332,0.006736051858915439
107,2.054646921157837,0.137662543278661,0.005892705917358398,0.0002643294820759001,0.001,"(50, 50)",70,"{'NN__alpha': 0.001, 'NN__hidden_layer_sizes': (50, 50), 'gmm__n_components': 70}",0.5012722646310432,0.5114503816793893,0.5172413793103449,0.5115089514066496,0.5326504481434059,0.5148034711587545,0.010287470679032837,30,0.5245849297573435,0.54757343550447,0.5377990430622009,0.5286989795918368,0.539368823716927,0.5356050423265557,0.008140745769002313
108,0.1405552864074707,0.025471652196168457,0.0012214183807373047,0.0001193483495254508,0.0001,"(100,)",2,"{'NN__alpha': 0.0001, 'NN__hidden_layer_sizes': (100,), 'gmm__n_components': 2}",0.44656488549618323,0.4681933842239186,0.4661558109833972,0.49744245524296676,0.49167733674775926,0.47396630934150075,0.018494147122589667,125,0.47477650063856963,0.46360153256704983,0.4711323763955343,0.4684311224489796,0.49218999043672296,0.4740263044973713,0.00978610272750225
109,0.3084543228149414,0.05362218689677404,0.001368236541748047,1.658091088949668e-05,0.0001,"(100,)",5,"{'NN__alpha': 0.0001, 'NN__hidden_layer_sizes': (100,), 'gmm__n_components': 5}",0.4707379134860051,0.46055979643765904,0.4878671775223499,0.4731457800511509,0.47631241997439183,0.47371107708014293,0.008827886092102603,134,0.4821200510855683,0.46998722860791825,0.48165869218500795,0.4690688775510204,0.4740197641058336,0.4753709227070697,0.005578751540353172
110,0.44299988746643065,0.058934468447603916,0.0017214775085449218,0.00010592748310581866,0.0001,"(100,)",10,"{'NN__alpha': 0.0001, 'NN__hidden_layer_sizes': (100,), 'gmm__n_components': 10}",0.49236641221374045,0.48982188295165396,0.4827586206896552,0.45652173913043476,0.5032010243277849,0.4849412965798877,0.01563514101655185,118,0.5022349936143039,0.4878671775223499,0.47368421052631576,0.460140306122449,0.4988842843481033,0.48456219442670434,0.01576789247925668
111,0.6720942974090576,0.056754191227769306,0.0021337032318115234,0.00015883091436194778,0.0001,"(100,)",15,"{'NN__alpha': 0.0001, 'NN__hidden_layer_sizes': (100,), 'gmm__n_components': 15}",0.5089058524173028,0.49236641221374045,0.5095785440613027,0.5255754475703325,0.5006402048655569,0.5074017355793773,0.011035701219811518,78,0.5041507024265645,0.48946360153256707,0.5154704944178629,0.5102040816326531,0.5046222505578578,0.5047822261135011,0.008703105997444182
112,0.8439558029174805,0.10287142516136202,0.002500009536743164,0.00010912118059159649,0.0001,"(100,)",20,"{'NN__alpha': 0.0001, 'NN__hidden_layer_sizes': (100,), 'gmm__n_components': 20}",0.494910941475827,0.5216284987277354,0.5070242656449553,0.5255754475703325,0.5224071702944942,0.5142930066360388,0.011629601664692636,34,0.5114942528735632,0.5140485312899106,0.5135566188197768,0.5095663265306123,0.5106789926681543,0.5118689444364034,0.0017004277035127702
113,0.9746452808380127,0.08383596609209663,0.0028070926666259764,3.7599872296995924e-05,0.0001,"(100,)",25,"{'NN__alpha': 0.0001, 'NN__hidden_layer_sizes': (100,), 'gmm__n_components': 25}",0.5012722646310432,0.5229007633587787,0.51213282247765,0.5153452685421995,0.5211267605633803,0.5145482388973966,0.00769891855596732,32,0.5293742017879949,0.526500638569604,0.5282296650717704,0.514030612244898,0.5138667516735734,0.5224003738695682,0.006961360496397755
114,1.078868818283081,0.1198496702960455,0.0031099796295166017,2.8366561211628587e-05,0.0001,"(100,)",30,"{'NN__alpha': 0.0001, 'NN__hidden_layer_sizes': (100,), 'gmm__n_components': 30}",0.49363867684478374,0.5076335877862596,0.49936143039591313,0.530690537084399,0.5032010243277849,0.5068912710566615,0.012745181551661103,82,0.5114942528735632,0.5233077905491699,0.512280701754386,0.5178571428571429,0.5094038890659867,0.5148687554200497,0.00506157736017282
115,1.1522749423980714,0.14836530917403248,0.003436565399169922,3.317601167587891e-05,0.0001,"(100,)",35,"{'NN__alpha': 0.0001, 'NN__hidden_layer_sizes': (100,), 'gmm__n_components': 35}",0.5012722646310432,0.5178117048346056,0.5019157088122606,0.5434782608695652,0.4980793854033291,0.512506380806534,0.016921272434873343,50,0.5063856960408685,0.5217113665389528,0.49856459330143543,0.5200892857142857,0.5068536818616513,0.5107209246914387,0.00883269118308609
116,1.3608190059661864,0.25325892163695624,0.00376739501953125,1.4760863735914358e-05,0.0001,"(100,)",40,"{'NN__alpha': 0.0001, 'NN__hidden_layer_sizes': (100,), 'gmm__n_components': 40}",0.5050890585241731,0.5076335877862596,0.48659003831417624,0.5063938618925832,0.5236875800256082,0.5058703420112303,0.011763081866409756,86,0.5181992337164751,0.5070242656449553,0.5196172248803828,0.5188137755102041,0.5151418552757412,0.5157592710055516,0.0046227425784490395
117,1.5681931495666503,0.2439178438824688,0.00447998046875,6.262318937099272e-05,0.0001,"(100,)",50,"{'NN__alpha': 0.0001, 'NN__hidden_layer_sizes': (100,), 'gmm__n_components': 50}",0.5305343511450382,0.5203562340966921,0.49680715197956576,0.5217391304347826,0.5096030729833547,0.5158244002041859,0.011597531742492737,22,0.5261813537675607,0.5185185185185185,0.5333333333333333,0.5264668367346939,0.5256614599936245,0.5260323004695462,0.004692772344694525
118,1.8341003894805907,0.09224153437607165,0.005180644989013672,7.933851012307901e-05,0.0001,"(100,)",60,"{'NN__alpha': 0.0001, 'NN__hidden_layer_sizes': (100,), 'gmm__n_components': 60}",0.5114503816793893,0.5381679389312977,0.5172413793103449,0.5383631713554987,0.5044814340588989,0.5219499744767738,0.013925094759687251,4,0.5226692209450831,0.5405491698595147,0.5362041467304626,0.5500637755102041,0.5253426840930826,0.5349657994276693,0.010044566713716384
119,2.099072980880737,0.2187446290849926,0.00601649284362793,0.00035287821565415045,0.0001,"(100,)",70,"{'NN__alpha': 0.0001, 'NN__hidden_layer_sizes': (100,), 'gmm__n_components': 70}",0.510178117048346,0.5139949109414759,0.5185185185185185,0.520460358056266,0.5083226632522407,0.5142930066360388,0.0046561760508852515,34,0.5328863346104725,0.5456577266922095,0.5400318979266348,0.5379464285714286,0.527574115396876,0.5368193006395242,0.006174959850061677
120,0.12421841621398926,0.02336407386330546,0.0009640216827392578,2.5716778857677943e-05,0.0001,"(50,)",2,"{'NN__alpha': 0.0001, 'NN__hidden_layer_sizes': (50,), 'gmm__n_components': 2}",0.4491094147582697,0.4669211195928753,0.454661558109834,0.46675191815856776,0.49039692701664533,0.4655436447166922,0.014200257740555661,142,0.4719029374201788,0.4677522349936143,0.4631578947368421,0.4563137755102041,0.4941026458399745,0.47064589770016274,0.012819144907973647
121,0.2726287841796875,0.041607413781339836,0.001264476776123047,1.7198294085085382e-05,0.0001,"(50,)",5,"{'NN__alpha': 0.0001, 'NN__hidden_layer_sizes': (50,), 'gmm__n_components': 5}",0.4732824427480916,0.4592875318066158,0.48659003831417624,0.479539641943734,0.471190781049936,0.47396630934150075,0.00910503888519384,125,0.4888250319284802,0.46871008939974457,0.4829346092503987,0.4764030612244898,0.4701944532993306,0.4774134490204888,0.007610396654034613
122,0.4526087760925293,0.028026048436468828,0.0016215324401855468,3.174546738113192e-05,0.0001,"(50,)",10,"{'NN__alpha': 0.0001, 'NN__hidden_layer_sizes': (50,), 'gmm__n_components': 10}",0.4707379134860051,0.4758269720101781,0.5134099616858238,0.489769820971867,0.5172855313700384,0.4933639612046963,0.019009274867236137,113,0.48659003831417624,0.4821200510855683,0.5151515151515151,0.48788265306122447,0.4992030602486452,0.49418946357222593,0.011897408111803445
123,0.5378084182739258,0.08046250394200481,0.0019722938537597655,9.74488337401075e-05,0.0001,"(50,)",15,"{'NN__alpha': 0.0001, 'NN__hidden_layer_sizes': (50,), 'gmm__n_components': 15}",0.47837150127226463,0.494910941475827,0.5274584929757343,0.5127877237851662,0.49551856594110116,0.5017866258295048,0.016827611274302084,104,0.49137931034482757,0.49361430395913153,0.5186602870813397,0.49904336734693877,0.49665285304430984,0.49987002435530953,0.009750218340632165
124,0.7129883289337158,0.07750126378190438,0.0022158145904541014,3.6944080128352186e-05,0.0001,"(50,)",20,"{'NN__alpha': 0.0001, 'NN__hidden_layer_sizes': (50,), 'gmm__n_components': 20}",0.49236641221374045,0.5165394402035624,0.4648786717752235,0.5242966751918159,0.5147247119078106,0.5025523226135784,0.0216243071513009,99,0.4932950191570881,0.5169220945083014,0.49282296650717705,0.5108418367346939,0.5113165444692381,0.5050396922752997,0.010014399350597373
125,0.8351100444793701,0.037538607106015656,0.0025757789611816407,2.8056346330865174e-05,0.0001,"(50,)",25,"{'NN__alpha': 0.0001, 'NN__hidden_layer_sizes': (50,), 'gmm__n_components': 25}",0.5012722646310432,0.5203562340966921,0.5095785440613027,0.5127877237851662,0.499359795134443,0.5086778968861664,0.00769439141271184,68,0.518837803320562,0.5220306513409961,0.5339712918660288,0.5130739795918368,0.4950589735416003,0.5165945399322048,0.012749196135618097
126,1.0300522327423096,0.12802648934171373,0.002932453155517578,6.900718423974646e-05,0.0001,"(50,)",30,"{'NN__alpha': 0.0001, 'NN__hidden_layer_sizes': (50,), 'gmm__n_components': 30}",0.49363867684478374,0.48854961832061067,0.5044699872286079,0.5230179028132992,0.5147247119078106,0.5048494129657989,0.012800971813978488,92,0.51213282247765,0.518837803320562,0.5100478468899522,0.5165816326530612,0.5052598023589416,0.5125719815400334,0.004803538392138803
127,1.2309192180633546,0.22596772854370836,0.0036429882049560545,0.00031000728697767145,0.0001,"(50,)",35,"{'NN__alpha': 0.0001, 'NN__hidden_layer_sizes': (50,), 'gmm__n_components': 35}",0.5152671755725191,0.5152671755725191,0.508301404853129,0.5421994884910486,0.49551856594110116,0.5153139356814701,0.015238476460300167,26,0.5086206896551724,0.5159642401021711,0.522488038277512,0.5184948979591837,0.49760918074593563,0.5126354093479949,0.008768061792786806
128,1.2858091831207275,0.2788393575303035,0.003571605682373047,5.294236880178612e-05,0.0001,"(50,)",40,"{'NN__alpha': 0.0001, 'NN__hidden_layer_sizes': (50,), 'gmm__n_components': 40}",0.5063613231552163,0.5063613231552163,0.4929757343550447,0.5127877237851662,0.5262483994878361,0.5089331291475242,0.010782983869990352,67,0.5175606641123882,0.5124521072796935,0.5263157894736842,0.5210459183673469,0.5151418552757412,0.5185032669017708,0.004822959803317259
129,1.3858602523803711,0.16016410857195504,0.0042511940002441405,6.192413034669516e-05,0.0001,"(50,)",50,"{'NN__alpha': 0.0001, 'NN__hidden_layer_sizes': (50,), 'gmm__n_components': 50}",0.5343511450381679,0.5089058524173028,0.4891443167305236,0.5179028132992327,0.5121638924455826,0.512506380806534,0.014602779456392894,50,0.526500638569604,0.5220306513409961,0.5199362041467305,0.5226403061224489,0.5151418552757412,0.5212499310911041,0.0037187918605845233
130,1.7748525619506836,0.150621482918283,0.005026531219482422,0.000244504566055323,0.0001,"(50,)",60,"{'NN__alpha': 0.0001, 'NN__hidden_layer_sizes': (50,), 'gmm__n_components': 60}",0.4961832061068702,0.5279898218829516,0.5108556832694764,0.5383631713554987,0.5224071702944942,0.5191424196018377,0.014527077053985421,6,0.5166028097062579,0.5383141762452107,0.5435406698564593,0.5424107142857143,0.5304430985017533,0.5342622937190791,0.009953355225150678
131,2.014513349533081,0.21516193047105303,0.0057985782623291016,0.0002449666611179687,0.0001,"(50,)",70,"{'NN__alpha': 0.0001, 'NN__hidden_layer_sizes': (50,), 'gmm__n_components': 70}",0.5076335877862596,0.5139949109414759,0.5236270753512133,0.5115089514066496,0.5147247119078106,0.5142930066360388,0.00528302633844306,34,0.5351213282247765,0.5478927203065134,0.5384370015948964,0.5344387755102041,0.5326745298055467,0.5377128710883874,0.0054217040539967665
132,0.18877577781677246,0.035695247897011624,0.001067209243774414,5.831077038230667e-06,0.0001,"(50, 50)",2,"{'NN__alpha': 0.0001, 'NN__hidden_layer_sizes': (50, 50), 'gmm__n_components': 2}",0.45165394402035625,0.4669211195928753,0.46360153256704983,0.46547314578005117,0.4878361075544174,0.4670750382848392,0.011685640378617277,139,0.47126436781609193,0.46871008939974457,0.46220095693779906,0.45408163265306123,0.49314631813834875,0.4698806729890091,0.013062640128956042
133,0.3815180778503418,0.07691875412349923,0.001739645004272461,0.0007394411242357235,0.0001,"(50, 50)",5,"{'NN__alpha': 0.0001, 'NN__hidden_layer_sizes': (50, 50), 'gmm__n_components': 5}",0.4720101781170484,0.4618320610687023,0.4891443167305236,0.49232736572890023,0.47631241997439183,0.478305257784584,0.011220679617710717,121,0.48499361430395915,0.46871008939974457,0.48229665071770333,0.4830994897959184,0.4810328339177558,0.48002653562701625,0.005802463819736509
134,0.5764173984527587,0.1344375464404063,0.001717853546142578,7.469367564526623e-05,0.0001,"(50, 50)",10,"{'NN__alpha': 0.0001, 'NN__hidden_layer_sizes': (50, 50), 'gmm__n_components': 10}",0.49872773536895676,0.494910941475827,0.49936143039591313,0.4846547314578005,0.5134443021766966,0.49821337417049516,0.009243319098370525,109,0.5079821200510856,0.49808429118773945,0.5043062200956938,0.48915816326530615,0.5052598023589416,0.5009581193917534,0.006731250895167828
135,0.701359748840332,0.13002295237865077,0.002044677734375,4.600922644836023e-06,0.0001,"(50, 50)",15,"{'NN__alpha': 0.0001, 'NN__hidden_layer_sizes': (50, 50), 'gmm__n_components': 15}",0.5152671755725191,0.48982188295165396,0.5172413793103449,0.5153452685421995,0.5019206145966709,0.5079122001020929,0.010586858530916671,75,0.5054278416347382,0.5041507024265645,0.5148325358851674,0.5127551020408163,0.4963340771437679,0.5067000518262109,0.006608661926901517
136,0.8286931037902832,0.08114477868284742,0.002387237548828125,1.5709161177655462e-05,0.0001,"(50, 50)",20,"{'NN__alpha': 0.0001, 'NN__hidden_layer_sizes': (50, 50), 'gmm__n_components': 20}",0.4847328244274809,0.5190839694656488,0.5146871008939975,0.5255754475703325,0.5224071702944942,0.5132720775906074,0.01474518727329408,47,0.49776500638569604,0.5127713920817369,0.513237639553429,0.5114795918367347,0.5141855275741154,0.5098878314863424,0.006123771989394002
137,0.9396910190582275,0.06635879027062477,0.002729320526123047,2.013337263433964e-05,0.0001,"(50, 50)",25,"{'NN__alpha': 0.0001, 'NN__hidden_layer_sizes': (50, 50), 'gmm__n_components': 25}",0.5050890585241731,0.5203562340966921,0.5159642401021711,0.49744245524296676,0.5121638924455826,0.5102092904543134,0.008113372120818186,62,0.5277777777777778,0.5268199233716475,0.533652312599681,0.5070153061224489,0.5068536818616513,0.5204238003466413,0.011259846742246279
138,1.1191325664520264,0.18104794458882648,0.003121185302734375,7.97482740960548e-05,0.0001,"(50, 50)",30,"{'NN__alpha': 0.0001, 'NN__hidden_layer_sizes': (50, 50), 'gmm__n_components': 30}",0.5063613231552163,0.5038167938931297,0.5006385696040868,0.5115089514066496,0.5185659411011524,0.5081674323634507,0.006289858209650744,72,0.5172413793103449,0.5150063856960408,0.5135566188197768,0.5095663265306123,0.5011157156518967,0.5112972852017343,0.005671945804850625
139,1.2225912094116211,0.2973055648266216,0.003517627716064453,0.0001702852189085875,0.0001,"(50, 50)",35,"{'NN__alpha': 0.0001, 'NN__hidden_layer_sizes': (50, 50), 'gmm__n_components': 35}",0.5152671755725191,0.5241730279898219,0.5095785440613027,0.5281329923273658,0.5134443021766966,0.5181214905564063,0.006923299869607995,10,0.5181992337164751,0.5207535121328225,0.5196172248803828,0.5191326530612245,0.5046222505578578,0.5164649748697525,0.005978336086144553
140,1.3757723808288573,0.2653129537709006,0.003804445266723633,6.370997698300366e-05,0.0001,"(50, 50)",40,"{'NN__alpha': 0.0001, 'NN__hidden_layer_sizes': (50, 50), 'gmm__n_components': 40}",0.5076335877862596,0.5089058524173028,0.4942528735632184,0.5051150895140665,0.5185659411011524,0.5068912710566615,0.007787484037271437,82,0.5169220945083014,0.5124521072796935,0.5215311004784688,0.5200892857142857,0.5170545106789927,0.5176098197319485,0.003127539803688521
141,1.566687536239624,0.16497057515402466,0.0045798301696777345,0.00016615920189086436,0.0001,"(50, 50)",50,"{'NN__alpha': 0.0001, 'NN__hidden_layer_sizes': (50, 50), 'gmm__n_components': 50}",0.5216284987277354,0.5178117048346056,0.5044699872286079,0.5268542199488491,0.5211267605633803,0.5183767228177641,0.007529072912556118,8,0.5102171136653896,0.5178799489144317,0.529505582137161,0.5271045918367347,0.5227924768887472,0.5214999426884928,0.0068931790257414785
142,1.9347751140594482,0.29192244610036877,0.00532984733581543,0.00027343989747988874,0.0001,"(50, 50)",60,"{'NN__alpha': 0.0001, 'NN__hidden_layer_sizes': (50, 50), 'gmm__n_components': 60}",0.5076335877862596,0.5012722646310432,0.5172413793103449,0.5140664961636828,0.5185659411011524,0.5117406840224604,0.006463834101724288,57,0.5217113665389528,0.5233077905491699,0.5384370015948964,0.5353954081632653,0.531718202103921,0.530113953790041,0.006582823532261516
143,2.126550054550171,0.1695673841313549,0.006007575988769531,0.00028455956482021104,0.0001,"(50, 50)",70,"{'NN__alpha': 0.0001, 'NN__hidden_layer_sizes': (50, 50), 'gmm__n_components': 70}",0.5076335877862596,0.5152671755725191,0.5197956577266922,0.5230179028132992,0.5236875800256082,0.5178662582950485,0.005929325309393918,13,0.5207535121328225,0.5462962962962963,0.5330143540669856,0.5338010204081632,0.5387312719158431,0.5345192909640221,0.008351240059055855
