,mean_fit_time,std_fit_time,mean_score_time,std_score_time,param_NN__alpha,param_NN__hidden_layer_sizes,param_km__n_clusters,params,split0_test_score,split1_test_score,split2_test_score,split3_test_score,split4_test_score,mean_test_score,std_test_score,rank_test_score,split0_train_score,split1_train_score,split2_train_score,split3_train_score,split4_train_score,mean_train_score,std_train_score
0,0.9849835395812988,0.9798145382305609,0.0011044025421142578,0.00014816577411994945,0.1,"(100,)",2,"{'NN__alpha': 0.1, 'NN__hidden_layer_sizes': (100,), 'km__n_clusters': 2}",0.43765903307888043,0.46564885496183206,0.4495530012771392,0.4475703324808184,0.47503201024327785,0.4550791220010209,0.013416620792383873,130,0.46871008939974457,0.454661558109834,0.45933014354066987,0.4630102040816326,0.4574434172776538,0.460631082481907,0.004866609603754047
1,0.40633134841918944,0.10610727945235462,0.0009952068328857421,2.3428189271046153e-06,0.1,"(100,)",5,"{'NN__alpha': 0.1, 'NN__hidden_layer_sizes': (100,), 'km__n_clusters': 5}",0.4262086513994911,0.4669211195928753,0.4495530012771392,0.4680306905370844,0.4379001280409731,0.4497192445125064,0.01627963002908613,143,0.4734993614303959,0.46807151979565775,0.45422647527910687,0.45567602040816324,0.4430985017532674,0.45891437573331817,0.010762716393139818
2,0.6192858695983887,0.36469502059512793,0.0009318828582763672,1.0764909076550422e-05,0.1,"(100,)",10,"{'NN__alpha': 0.1, 'NN__hidden_layer_sizes': (100,), 'km__n_clusters': 10}",0.4961832061068702,0.5165394402035624,0.454661558109834,0.5345268542199488,0.5326504481434059,0.5068912710566615,0.029521991372575104,71,0.5166028097062579,0.518837803320562,0.4484848484848485,0.5255102040816326,0.5285304430985017,0.5075932217383606,0.029869042748502134
3,0.5140495300292969,0.10087214248941459,0.0009679794311523438,1.2451751253728929e-05,0.1,"(100,)",15,"{'NN__alpha': 0.1, 'NN__hidden_layer_sizes': (100,), 'km__n_clusters': 15}",0.4580152671755725,0.5139949109414759,0.5274584929757343,0.5063938618925832,0.48911651728553135,0.49897907095456867,0.023965012989762613,97,0.47541507024265645,0.5367177522349936,0.5237639553429028,0.5066964285714286,0.4791201785145043,0.5043426769812971,0.024099180724507407
4,0.676360034942627,0.1374437015068759,0.0009877681732177734,9.224057098200197e-06,0.1,"(100,)",20,"{'NN__alpha': 0.1, 'NN__hidden_layer_sizes': (100,), 'km__n_clusters': 20}",0.4821882951653944,0.5139949109414759,0.5274584929757343,0.510230179028133,0.5403329065300896,0.5148034711587545,0.01948410791881602,50,0.5047892720306514,0.5399106002554278,0.5419457735247208,0.5277423469387755,0.5377749442142175,0.5304325873927587,0.013719427122795507
5,0.707541561126709,0.19366391921146814,0.0010098457336425782,6.4814782476601394e-06,0.1,"(100,)",25,"{'NN__alpha': 0.1, 'NN__hidden_layer_sizes': (100,), 'km__n_clusters': 25}",0.49872773536895676,0.5241730279898219,0.5197956577266922,0.520460358056266,0.5339308578745199,0.5193976518631955,0.011517175537287901,35,0.5127713920817369,0.5443805874840357,0.5157894736842106,0.5070153061224489,0.5304430985017533,0.5220799715748371,0.013567781860046488
6,0.6676956653594971,0.069901714262221,0.0010364055633544922,7.388668315327196e-06,0.1,"(100,)",30,"{'NN__alpha': 0.1, 'NN__hidden_layer_sizes': (100,), 'km__n_clusters': 30}",0.4770992366412214,0.5165394402035624,0.5070242656449553,0.49744245524296676,0.5211267605633803,0.5038284839203675,0.015670641031590455,86,0.49776500638569604,0.5280970625798213,0.5138755980861244,0.5044642857142857,0.5272553394963341,0.5142914584524523,0.012070847516445424
7,0.7735586643218995,0.14275698898709602,0.001041078567504883,8.235075739645533e-06,0.1,"(100,)",35,"{'NN__alpha': 0.1, 'NN__hidden_layer_sizes': (100,), 'km__n_clusters': 35}",0.5152671755725191,0.5012722646310432,0.5095785440613027,0.520460358056266,0.5326504481434059,0.5158244002041859,0.010538788025775446,47,0.5178799489144317,0.5325670498084292,0.5218500797448166,0.49394132653061223,0.5380937201147593,0.5208664250226098,0.01528745800668991
8,0.8494277954101562,0.061297782539387204,0.0011352062225341796,6.337461830614665e-05,0.1,"(100,)",40,"{'NN__alpha': 0.1, 'NN__hidden_layer_sizes': (100,), 'km__n_clusters': 40}",0.5330788804071247,0.5089058524173028,0.5172413793103449,0.520460358056266,0.5556978233034571,0.5270546197039305,0.016273424881416667,13,0.5431034482758621,0.5325670498084292,0.538755980861244,0.5165816326530612,0.5406439273190947,0.5343304077835382,0.009534578285928972
9,0.9831153869628906,0.08010552314142828,0.001178407669067383,7.232671925787784e-05,0.1,"(100,)",50,"{'NN__alpha': 0.1, 'NN__hidden_layer_sizes': (100,), 'km__n_clusters': 50}",0.49236641221374045,0.5190839694656488,0.5504469987228607,0.5613810741687979,0.49295774647887325,0.523226135783563,0.028561581536607327,20,0.5124521072796935,0.5303320561941252,0.5470494417862839,0.5500637755102041,0.49729040484539366,0.5274375571231401,0.02019091083076536
10,0.9963185787200928,0.10938864012343442,0.001154947280883789,2.6428739821283234e-05,0.1,"(100,)",60,"{'NN__alpha': 0.1, 'NN__hidden_layer_sizes': (100,), 'km__n_clusters': 60}",0.5139949109414759,0.5076335877862596,0.5172413793103449,0.49744245524296676,0.5224071702944942,0.5117406840224604,0.008598486167289058,56,0.5338441890166028,0.5300127713920817,0.5381180223285487,0.4968112244897959,0.5196047178833281,0.5236781850220714,0.014767601199292666
11,1.0305678367614746,0.06973526073221095,0.0012119770050048827,1.761175951154908e-05,0.1,"(100,)",70,"{'NN__alpha': 0.1, 'NN__hidden_layer_sizes': (100,), 'km__n_clusters': 70}",0.5292620865139949,0.5292620865139949,0.5542784163473818,0.540920716112532,0.5096030729833547,0.532669729453803,0.014752071062643674,3,0.5280970625798213,0.5296934865900383,0.5610845295055822,0.5322066326530612,0.5001593879502709,0.5302482198557549,0.019313137422816883
12,0.16121177673339843,0.040996281097926246,0.0008862018585205078,6.251897066468539e-05,0.1,"(50,)",2,"{'NN__alpha': 0.1, 'NN__hidden_layer_sizes': (50,), 'km__n_clusters': 2}",0.44656488549618323,0.4732824427480916,0.44699872286079184,0.44501278772378516,0.47247119078104993,0.4568657478305258,0.013091808985946626,126,0.4648786717752235,0.45689655172413796,0.4564593301435407,0.4575892857142857,0.45935607268090534,0.4590359824076186,0.003083786915183117
13,0.3239166259765625,0.08109709381312864,0.00113983154296875,0.0005176481992928408,0.1,"(50,)",5,"{'NN__alpha': 0.1, 'NN__hidden_layer_sizes': (50,), 'km__n_clusters': 5}",0.4300254452926209,0.455470737913486,0.46998722860791825,0.44884910485933505,0.469910371318822,0.4548238897396631,0.014896232648441372,132,0.46551724137931033,0.45242656449553004,0.4698564593301435,0.45918367346938777,0.45680586547657,0.4607579608301883,0.006211972787489716
14,0.36258821487426757,0.09729845759626282,0.0008985519409179688,3.155004867353455e-05,0.1,"(50,)",10,"{'NN__alpha': 0.1, 'NN__hidden_layer_sizes': (50,), 'km__n_clusters': 10}",0.44529262086513993,0.45674300254452926,0.47381864623243936,0.5242966751918159,0.5032010243277849,0.48060234813680447,0.029263944754221425,115,0.4604086845466156,0.47413793103448276,0.46634768740031896,0.501594387755102,0.5087663372649027,0.48225100560028444,0.019354863699665676
15,0.3795783996582031,0.07083777372125463,0.0008985996246337891,3.183401437849906e-05,0.1,"(50,)",15,"{'NN__alpha': 0.1, 'NN__hidden_layer_sizes': (50,), 'km__n_clusters': 15}",0.45165394402035625,0.48346055979643765,0.4623243933588761,0.4514066496163683,0.4532650448143406,0.4604389994895355,0.012208953123643281,119,0.47477650063856963,0.49616858237547895,0.4666666666666667,0.4614158163265306,0.46477526299011795,0.4727605657994728,0.012502825612634856
16,0.5824877262115479,0.2763748467990561,0.0008570194244384765,8.487969297832227e-06,0.1,"(50,)",20,"{'NN__alpha': 0.1, 'NN__hidden_layer_sizes': (50,), 'km__n_clusters': 20}",0.4732824427480916,0.49745547073791346,0.4955300127713921,0.48081841432225064,0.5032010243277849,0.4900459418070444,0.011175439696865512,106,0.5098978288633461,0.49744572158365263,0.5043062200956938,0.46779336734693877,0.5081287854638189,0.49751438467069004,0.015462779880011114
17,0.6343244075775146,0.12914786608443396,0.009621000289916993,0.01748545196382031,0.1,"(50,)",25,"{'NN__alpha': 0.1, 'NN__hidden_layer_sizes': (50,), 'km__n_clusters': 25}",0.5229007633587787,0.5089058524173028,0.4891443167305236,0.5281329923273658,0.5121638924455826,0.5122511485451761,0.013492437282319816,54,0.527139208173691,0.4987228607918263,0.48899521531100476,0.5379464285714286,0.5278928912974179,0.5161393208290737,0.01884053838424144
18,0.699345874786377,0.10883412134568621,0.0009109020233154297,9.242034133079391e-06,0.1,"(50,)",30,"{'NN__alpha': 0.1, 'NN__hidden_layer_sizes': (50,), 'km__n_clusters': 30}",0.5139949109414759,0.4961832061068702,0.5466155810983397,0.5179028132992327,0.5403329065300896,0.5229709035222052,0.018359240155427024,22,0.5201149425287356,0.4782886334610473,0.5483253588516747,0.5334821428571429,0.5349059611093402,0.5230234077615881,0.024084966865484107
19,0.6950180530548096,0.09183893828903847,0.0009401321411132812,1.706477544789749e-05,0.1,"(50,)",35,"{'NN__alpha': 0.1, 'NN__hidden_layer_sizes': (50,), 'km__n_clusters': 35}",0.5114503816793893,0.48982188295165396,0.51213282247765,0.43861892583120204,0.4942381562099872,0.4892802450229709,0.02683647916315965,108,0.520434227330779,0.49776500638569604,0.511323763955343,0.43239795918367346,0.48995855913292957,0.49037590319768426,0.030849734955411486
20,0.792533016204834,0.09320101225447967,0.0010002613067626952,5.035919646741953e-05,0.1,"(50,)",40,"{'NN__alpha': 0.1, 'NN__hidden_layer_sizes': (50,), 'km__n_clusters': 40}",0.4732824427480916,0.5165394402035624,0.5159642401021711,0.5127877237851662,0.5492957746478874,0.5135273098519653,0.024146754214915543,52,0.5067049808429118,0.5207535121328225,0.5406698564593302,0.5207270408163265,0.5364998406120497,0.5250710461726882,0.01223735317064062
21,0.6934630870819092,0.07743769498189543,0.0009946346282958985,1.162681147168127e-05,0.1,"(50,)",50,"{'NN__alpha': 0.1, 'NN__hidden_layer_sizes': (50,), 'km__n_clusters': 50}",0.4872773536895674,0.49872773536895676,0.4355044699872286,0.48081841432225064,0.5096030729833547,0.48238897396630936,0.025411915494624567,113,0.49361430395913153,0.5044699872286079,0.44082934609250396,0.48246173469387754,0.4902773350334715,0.48233054140151843,0.021922574263863244
22,1.0098749637603759,0.15178306523953058,0.0010920047760009765,0.00011080954833889613,0.1,"(50,)",60,"{'NN__alpha': 0.1, 'NN__hidden_layer_sizes': (50,), 'km__n_clusters': 60}",0.5152671755725191,0.5063613231552163,0.5389527458492975,0.5230179028132992,0.5556978233034571,0.5278203164880041,0.017557856945828284,10,0.5306513409961686,0.514367816091954,0.5413078149920255,0.5347576530612245,0.5463818935288492,0.5334933037340444,0.010978542180747203
23,0.9342115879058838,0.07981505595498711,0.0011348724365234375,0.00012585177127253787,0.1,"(50,)",70,"{'NN__alpha': 0.1, 'NN__hidden_layer_sizes': (50,), 'km__n_clusters': 70}",0.5203562340966921,0.4961832061068702,0.4891443167305236,0.46035805626598464,0.4647887323943662,0.48621745788667686,0.02191901351796091,111,0.5226692209450831,0.5150063856960408,0.5043062200956938,0.4429209183673469,0.4609499521836149,0.4891705394575559,0.03147751717564509
24,0.20716214179992676,0.025235022310433772,0.0009310245513916016,3.715048061520091e-06,0.1,"(50, 50)",2,"{'NN__alpha': 0.1, 'NN__hidden_layer_sizes': (50, 50), 'km__n_clusters': 2}",0.4312977099236641,0.46946564885496184,0.45977011494252873,0.44501278772378516,0.46094750320102434,0.45329249617151607,0.01353787297671799,139,0.46392081736909324,0.45753512132822477,0.45996810207336525,0.46269132653061223,0.45935607268090534,0.4606942879964402,0.0023107208815747733
25,0.3793187618255615,0.053917001190581335,0.0009747982025146484,8.9406649271082e-06,0.1,"(50, 50)",5,"{'NN__alpha': 0.1, 'NN__hidden_layer_sizes': (50, 50), 'km__n_clusters': 5}",0.4402035623409669,0.4669211195928753,0.47509578544061304,0.4731457800511509,0.4468629961587708,0.4604389994895355,0.014229261560391273,119,0.4703065134099617,0.466794380587484,0.45933014354066987,0.4655612244897959,0.44628626075868666,0.46165570455731963,0.008463138989906816
26,0.6432413578033447,0.22475078392959488,0.0009737968444824219,1.1995653556226266e-05,0.1,"(50, 50)",10,"{'NN__alpha': 0.1, 'NN__hidden_layer_sizes': (50, 50), 'km__n_clusters': 10}",0.5254452926208651,0.5254452926208651,0.5363984674329502,0.49104859335038364,0.5377720870678617,0.523226135783563,0.016896270066767347,20,0.5328863346104725,0.5446998722860792,0.5272727272727272,0.5022321428571429,0.531718202103921,0.5277618558260685,0.014005819157043964
27,0.5582984924316406,0.13970635487454997,0.000993824005126953,1.5435536257284526e-05,0.1,"(50, 50)",15,"{'NN__alpha': 0.1, 'NN__hidden_layer_sizes': (50, 50), 'km__n_clusters': 15}",0.49363867684478374,0.44529262086513993,0.5057471264367817,0.5242966751918159,0.5339308578745199,0.5005104645227156,0.031019225463326344,93,0.49680715197956576,0.469029374201788,0.529505582137161,0.5146683673469388,0.5291679948995855,0.5078356941130078,0.022798665460903998
28,0.6116947650909423,0.16482493573298915,0.0010128498077392578,1.4528595178508141e-05,0.1,"(50, 50)",20,"{'NN__alpha': 0.1, 'NN__hidden_layer_sizes': (50, 50), 'km__n_clusters': 20}",0.510178117048346,0.44656488549618323,0.4648786717752235,0.5434782608695652,0.5185659411011524,0.49668198060234814,0.03570863972869636,101,0.5408684546615581,0.44731800766283525,0.48771929824561405,0.5424107142857143,0.5125916480714058,0.5061816245854256,0.03567238263256335
29,0.7648032665252685,0.10090241121690331,0.0010579586029052734,1.0706666718052817e-05,0.1,"(50, 50)",25,"{'NN__alpha': 0.1, 'NN__hidden_layer_sizes': (50, 50), 'km__n_clusters': 25}",0.5089058524173028,0.5292620865139949,0.5185185185185185,0.5089514066496164,0.5416133162612036,0.5214395099540582,0.012559823808815549,27,0.5306513409961686,0.5220306513409961,0.5432216905901116,0.5232780612244898,0.5460631176283073,0.5330489723560147,0.009954646271028789
30,0.8692190647125244,0.09024919010122386,0.0010982513427734374,3.971300706355378e-05,0.1,"(50, 50)",30,"{'NN__alpha': 0.1, 'NN__hidden_layer_sizes': (50, 50), 'km__n_clusters': 30}",0.5254452926208651,0.5267175572519084,0.5274584929757343,0.540920716112532,0.5505761843790012,0.53420112302195,0.00990774014505919,2,0.5370370370370371,0.5367177522349936,0.5365231259968102,0.5226403061224489,0.5428753586228882,0.5351587160028356,0.0066944373590517225
31,0.8290311336517334,0.13138789234318743,0.0011367321014404297,9.316053361795825e-05,0.1,"(50, 50)",35,"{'NN__alpha': 0.1, 'NN__hidden_layer_sizes': (50, 50), 'km__n_clusters': 35}",0.5012722646310432,0.5139949109414759,0.5312899106002554,0.49232736572890023,0.5147247119078106,0.5107197549770292,0.013241381935631628,63,0.5255427841634738,0.5185185185185185,0.5483253588516747,0.48214285714285715,0.5151418552757412,0.5179342747904531,0.02131042904307724
32,0.9233946323394775,0.1278661760668014,0.0011261940002441407,2.9151719578604726e-05,0.1,"(50, 50)",40,"{'NN__alpha': 0.1, 'NN__hidden_layer_sizes': (50, 50), 'km__n_clusters': 40}",0.5203562340966921,0.5470737913486005,0.5363984674329502,0.5242966751918159,0.5211267605633803,0.5298621745788668,0.010367670470727538,9,0.5338441890166028,0.5584291187739464,0.5486443381180224,0.5443239795918368,0.5186483901817023,0.5407780031364221,0.013592737811701273
33,0.8686103820800781,0.13737748430665764,0.001182222366333008,5.279657639610059e-05,0.1,"(50, 50)",50,"{'NN__alpha': 0.1, 'NN__hidden_layer_sizes': (50, 50), 'km__n_clusters': 50}",0.48346055979643765,0.5,0.5312899106002554,0.5038363171355499,0.5326504481434059,0.5102092904543134,0.019019745343349454,65,0.5054278416347382,0.5223499361430396,0.5502392344497608,0.5009566326530612,0.5298055467006695,0.5217558383162538,0.017751986054814085
34,1.0345340251922608,0.10984134410428432,0.0012853145599365234,9.506391865177667e-05,0.1,"(50, 50)",60,"{'NN__alpha': 0.1, 'NN__hidden_layer_sizes': (50, 50), 'km__n_clusters': 60}",0.5025445292620865,0.5458015267175572,0.5427841634738186,0.5473145780051151,0.5249679897567221,0.532669729453803,0.017080144037416,3,0.5194763729246488,0.5533205619412516,0.5496012759170654,0.5286989795918368,0.5266177876952503,0.5355429956140105,0.013403830541646686
35,1.1609064579010009,0.17032796848368414,0.001284027099609375,0.00011517612410825323,0.1,"(50, 50)",70,"{'NN__alpha': 0.1, 'NN__hidden_layer_sizes': (50, 50), 'km__n_clusters': 70}",0.5356234096692112,0.5419847328244275,0.5159642401021711,0.5485933503836317,0.5160051216389244,0.5316488004083716,0.013410934904002688,5,0.5504469987228607,0.5360791826309068,0.5355661881977671,0.5229591836734694,0.5390500478163851,0.5368203202082779,0.008773953391614657
36,0.23099761009216307,0.07281665802139346,0.0011174201965332032,0.00018226157120971957,0.01,"(100,)",2,"{'NN__alpha': 0.01, 'NN__hidden_layer_sizes': (100,), 'km__n_clusters': 2}",0.43765903307888043,0.4681933842239186,0.4482758620689655,0.4475703324808184,0.47247119078104993,0.4548238897396631,0.013270794600195559,132,0.46871008939974457,0.460727969348659,0.45964912280701753,0.4610969387755102,0.45521198597386037,0.46107922126095835,0.004354847227398228
37,0.3059559345245361,0.05079717838401645,0.0009920120239257813,6.989203132848835e-06,0.01,"(100,)",5,"{'NN__alpha': 0.01, 'NN__hidden_layer_sizes': (100,), 'km__n_clusters': 5}",0.4262086513994911,0.4681933842239186,0.4495530012771392,0.4680306905370844,0.4379001280409731,0.4499744767738642,0.016554965427575716,141,0.47477650063856963,0.4651979565772669,0.45422647527910687,0.46237244897959184,0.4430985017532674,0.4599343766455606,0.010676749846515995
38,1.218294382095337,1.5177804865328277,0.0011251449584960937,0.0002147099505183108,0.01,"(100,)",10,"{'NN__alpha': 0.01, 'NN__hidden_layer_sizes': (100,), 'km__n_clusters': 10}",0.494910941475827,0.5114503816793893,0.454661558109834,0.5345268542199488,0.5262483994878361,0.5043389484430832,0.028262061604571866,83,0.5153256704980843,0.5169220945083014,0.4484848484848485,0.5245535714285714,0.5272553394963341,0.506508304883228,0.029356381020438797
39,0.5001279354095459,0.07168193935347834,0.0010212421417236327,0.00010201346776717497,0.01,"(100,)",15,"{'NN__alpha': 0.01, 'NN__hidden_layer_sizes': (100,), 'km__n_clusters': 15}",0.4580152671755725,0.5127226463104325,0.5287356321839081,0.5153452685421995,0.5121638924455826,0.5053598774885145,0.024472052503494466,79,0.47541507024265645,0.5306513409961686,0.5244019138755981,0.5079719387755102,0.5205610455849538,0.5118002618949775,0.01964410535639523
40,0.8364725112915039,0.05689108573612835,0.001081705093383789,8.616105713055047e-05,0.01,"(100,)",20,"{'NN__alpha': 0.01, 'NN__hidden_layer_sizes': (100,), 'km__n_clusters': 20}",0.5050890585241731,0.5190839694656488,0.5312899106002554,0.5396419437340153,0.5416133162612036,0.5273098519652885,0.013672288025914173,12,0.5325670498084292,0.5367177522349936,0.5400318979266348,0.5382653061224489,0.5406439273190947,0.5376451866823203,0.002888632647273295
41,1.2871406078338623,0.7644357009810868,0.0011525154113769531,0.00010356766961539829,0.01,"(100,)",25,"{'NN__alpha': 0.01, 'NN__hidden_layer_sizes': (100,), 'km__n_clusters': 25}",0.5305343511450382,0.4821882951653944,0.5095785440613027,0.5447570332480819,0.5262483994878361,0.518631955079122,0.02142500607126741,37,0.5402298850574713,0.5108556832694764,0.5125996810207336,0.5245535714285714,0.5323557539050048,0.5241189149362515,0.011280105185301141
42,0.7851976871490478,0.09308666491510914,0.001054239273071289,3.5126558073731916e-05,0.01,"(100,)",30,"{'NN__alpha': 0.01, 'NN__hidden_layer_sizes': (100,), 'km__n_clusters': 30}",0.4770992366412214,0.5190839694656488,0.5274584929757343,0.5153452685421995,0.4980793854033291,0.5074017355793773,0.01794157535140012,69,0.49936143039591313,0.5239463601532567,0.5346092503987241,0.5417729591836735,0.5135479757730316,0.5226475951809199,0.015070474962679327
43,0.7491203784942627,0.0860718589760964,0.001042795181274414,1.0673486138281016e-05,0.01,"(100,)",35,"{'NN__alpha': 0.01, 'NN__hidden_layer_sizes': (100,), 'km__n_clusters': 35}",0.5241730279898219,0.4796437659033079,0.5108556832694764,0.5166240409207161,0.5249679897567221,0.5112302194997448,0.016649704942613086,59,0.5220306513409961,0.5044699872286079,0.523444976076555,0.49394132653061223,0.5336308575071724,0.5155035597367887,0.014289419623471092
44,0.9067453861236572,0.17639964509580924,0.0010622501373291015,1.5340971172134827e-05,0.01,"(100,)",40,"{'NN__alpha': 0.01, 'NN__hidden_layer_sizes': (100,), 'km__n_clusters': 40}",0.5178117048346056,0.5305343511450382,0.5108556832694764,0.5166240409207161,0.5531370038412292,0.5257784583971414,0.01508978993025077,17,0.5354406130268199,0.5379948914431673,0.5362041467304626,0.5146683673469388,0.5473382212304749,0.5343292479555727,0.010714204887810334
45,0.9166008472442627,0.16841915954025172,0.0011943817138671876,0.0001620597990208542,0.01,"(100,)",50,"{'NN__alpha': 0.01, 'NN__hidden_layer_sizes': (100,), 'km__n_clusters': 50}",0.5050890585241731,0.4262086513994911,0.5070242656449553,0.5562659846547314,0.5070422535211268,0.5002552322613578,0.04182253154937161,94,0.51213282247765,0.4115581098339719,0.5196172248803828,0.5315688775510204,0.5007969397513548,0.49513479489887596,0.04297182069412478
46,0.9868058204650879,0.13895179748962114,0.001186513900756836,7.100305432738823e-05,0.01,"(100,)",60,"{'NN__alpha': 0.01, 'NN__hidden_layer_sizes': (100,), 'km__n_clusters': 60}",0.5139949109414759,0.5050890585241731,0.5261813537675607,0.48721227621483376,0.5224071702944942,0.510974987238387,0.013919262137737733,60,0.5383141762452107,0.5312899106002554,0.5368421052631579,0.4945790816326531,0.5208798214854957,0.5243810190453546,0.016109364852188
47,1.316442060470581,0.4468920814279081,0.0012544631958007813,9.917073459464786e-05,0.01,"(100,)",70,"{'NN__alpha': 0.01, 'NN__hidden_layer_sizes': (100,), 'km__n_clusters': 70}",0.5279898218829516,0.5076335877862596,0.5530012771392082,0.5370843989769821,0.5313700384122919,0.5313935681470138,0.014674755636081525,6,0.5296934865900383,0.5140485312899106,0.559170653907496,0.5338010204081632,0.5183296142811603,0.5310086612953537,0.015817895086239556
48,0.18503904342651367,0.049995136389328516,0.0009342193603515625,9.24821458046267e-05,0.01,"(50,)",2,"{'NN__alpha': 0.01, 'NN__hidden_layer_sizes': (50,), 'km__n_clusters': 2}",0.4312977099236641,0.4669211195928753,0.454661558109834,0.4462915601023018,0.45838668373879643,0.45150587034201123,0.012101660804508326,140,0.466794380587484,0.4553001277139208,0.4586921850079745,0.4588647959183674,0.4555307618744023,0.45903645022042977,0.004161332093647518
49,0.4757434844970703,0.24428556987415448,0.004986190795898437,0.005010891221604764,0.01,"(50,)",5,"{'NN__alpha': 0.01, 'NN__hidden_layer_sizes': (50,), 'km__n_clusters': 5}",0.43765903307888043,0.45674300254452926,0.46871008939974457,0.44884910485933505,0.4660691421254802,0.4555895865237366,0.011407345823359057,127,0.46424010217113665,0.4540229885057471,0.47081339712918663,0.45950255102040816,0.4622250557857826,0.46216081892245225,0.005522414815216506
50,0.45287222862243653,0.16322151862466003,0.0009067058563232422,3.2007105962223866e-05,0.01,"(50,)",10,"{'NN__alpha': 0.01, 'NN__hidden_layer_sizes': (50,), 'km__n_clusters': 10}",0.44529262086513993,0.49745547073791346,0.5057471264367817,0.5383631713554987,0.5032010243277849,0.49795814190913734,0.02999885682289409,98,0.4604086845466156,0.5086206896551724,0.5023923444976076,0.5363520408163265,0.5090851131654447,0.5033717745362333,0.024473159570354903
51,0.39068093299865725,0.06985873763890964,0.0009062290191650391,3.176000372117123e-05,0.01,"(50,)",15,"{'NN__alpha': 0.01, 'NN__hidden_layer_sizes': (50,), 'km__n_clusters': 15}",0.4592875318066158,0.48346055979643765,0.4623243933588761,0.45012787723785164,0.4519846350832266,0.4614599285349668,0.011904849514713645,118,0.48531289910600256,0.4948914431673052,0.46634768740031896,0.45982142857142855,0.46477526299011795,0.4742297442470346,0.013482252931019631
52,0.5589491844177246,0.1379898616319856,0.000863027572631836,1.874970758571447e-05,0.01,"(50,)",20,"{'NN__alpha': 0.01, 'NN__hidden_layer_sizes': (50,), 'km__n_clusters': 20}",0.5330788804071247,0.494910941475827,0.4904214559386973,0.5140664961636828,0.5032010243277849,0.5071465033180194,0.015280916667709974,70,0.5399106002554278,0.4904214559386973,0.5014354066985646,0.491390306122449,0.5090851131654447,0.5064485764361167,0.01808541031386922
53,0.6420894145965577,0.10047505259306305,0.0009016036987304687,2.777943771042373e-05,0.01,"(50,)",25,"{'NN__alpha': 0.01, 'NN__hidden_layer_sizes': (50,), 'km__n_clusters': 25}",0.5203562340966921,0.4961832061068702,0.4904214559386973,0.5421994884910486,0.49039692701664533,0.5079122001020929,0.020386247178997022,68,0.5287356321839081,0.4952107279693487,0.48835725677830943,0.5309311224489796,0.4851769206248008,0.5056823320010693,0.01999620307250352
54,0.7628532409667969,0.10783006112264297,0.0009168624877929687,2.006266489502668e-05,0.01,"(50,)",30,"{'NN__alpha': 0.01, 'NN__hidden_layer_sizes': (50,), 'km__n_clusters': 30}",0.5076335877862596,0.4961832061068702,0.5312899106002554,0.520460358056266,0.5249679897567221,0.5160796324655437,0.012630931449535775,46,0.5363984674329502,0.4782886334610473,0.5547049441786284,0.5331632653061225,0.5294867708001275,0.5264084162357752,0.02557777302118732
55,0.6461287498474121,0.09073151898850264,0.0009276866912841797,9.456535652754827e-06,0.01,"(50,)",35,"{'NN__alpha': 0.01, 'NN__hidden_layer_sizes': (50,), 'km__n_clusters': 35}",0.5216284987277354,0.42748091603053434,0.51213282247765,0.43861892583120204,0.4878361075544174,0.4775395610005105,0.038148389726582625,116,0.5130906768837803,0.4323116219667944,0.5119617224880383,0.43271683673469385,0.4864520242269684,0.47530657646005503,0.03621577286995126
56,0.7246874332427978,0.04784991279128137,0.0009569168090820312,1.555951138901655e-05,0.01,"(50,)",40,"{'NN__alpha': 0.01, 'NN__hidden_layer_sizes': (50,), 'km__n_clusters': 40}",0.4796437659033079,0.5038167938931297,0.4929757343550447,0.5127877237851662,0.5364916773367477,0.5051046452271567,0.019181707654561488,80,0.5076628352490421,0.5098978288633461,0.5023923444976076,0.5210459183673469,0.5164169588779088,0.5114831771710504,0.006565665259097627
57,0.8763185977935791,0.08485408951219937,0.0009944915771484375,3.2564870984962225e-06,0.01,"(50,)",50,"{'NN__alpha': 0.01, 'NN__hidden_layer_sizes': (50,), 'km__n_clusters': 50}",0.48982188295165396,0.49872773536895676,0.5134099616858238,0.5281329923273658,0.48655569782330343,0.5033180193976519,0.015493074665304443,88,0.4945721583652618,0.5022349936143039,0.5355661881977671,0.5325255102040817,0.480395282116672,0.5090588264996173,0.021593297542323756
58,0.9969330310821534,0.14072904295338745,0.0011518001556396484,8.061213870627691e-05,0.01,"(50,)",60,"{'NN__alpha': 0.01, 'NN__hidden_layer_sizes': (50,), 'km__n_clusters': 60}",0.5076335877862596,0.4732824427480916,0.5223499361430396,0.5115089514066496,0.5428937259923176,0.5114854517611026,0.022715527571900093,58,0.5287356321839081,0.5070242656449553,0.533652312599681,0.5290178571428571,0.5473382212304749,0.5291536577603753,0.012967801868856599
59,0.9734419345855713,0.1460870371988878,0.0011270523071289062,0.00011187776518289444,0.01,"(50,)",70,"{'NN__alpha': 0.01, 'NN__hidden_layer_sizes': (50,), 'km__n_clusters': 70}",0.5267175572519084,0.5152671755725191,0.4942528735632184,0.46035805626598464,0.5236875800256082,0.5040837161817253,0.02460467375850038,85,0.5245849297573435,0.5293742017879949,0.5074960127591707,0.44260204081632654,0.5282116671979599,0.5064537704637592,0.03288045263583106
60,0.22736968994140624,0.06157257977219087,0.0009312152862548829,4.050029252545562e-06,0.01,"(50, 50)",2,"{'NN__alpha': 0.01, 'NN__hidden_layer_sizes': (50, 50), 'km__n_clusters': 2}",0.43384223918575066,0.4669211195928753,0.4610472541507024,0.4475703324808184,0.46094750320102434,0.4540581929555896,0.011950056161549788,136,0.46455938697318006,0.45817369093231164,0.4609250398724083,0.4642857142857143,0.45616831367548616,0.4608224291478201,0.003305944090870005
61,0.42875351905822756,0.09073176522913501,0.0009773731231689452,7.649633266508284e-06,0.01,"(50, 50)",5,"{'NN__alpha': 0.01, 'NN__hidden_layer_sizes': (50, 50), 'km__n_clusters': 5}",0.4402035623409669,0.44783715012722647,0.4674329501915709,0.4680306905370844,0.4468629961587708,0.4540581929555896,0.011458943210238326,136,0.4658365261813538,0.46455938697318006,0.45964912280701753,0.46938775510204084,0.44628626075868666,0.46114381036445573,0.00805768256171508
62,0.7600254058837891,0.38715831427737607,0.0012082576751708985,0.0002028667473948911,0.01,"(50, 50)",10,"{'NN__alpha': 0.01, 'NN__hidden_layer_sizes': (50, 50), 'km__n_clusters': 10}",0.5203562340966921,0.5038167938931297,0.5287356321839081,0.489769820971867,0.5390524967989757,0.5163348647269015,0.017582396219628982,45,0.5360791826309068,0.5076628352490421,0.5272727272727272,0.5022321428571429,0.5307618744022952,0.5208017524824229,0.013356189299633349
63,0.5884469985961914,0.0845725966870099,0.001038837432861328,4.111193636104098e-05,0.01,"(50, 50)",15,"{'NN__alpha': 0.01, 'NN__hidden_layer_sizes': (50, 50), 'km__n_clusters': 15}",0.49363867684478374,0.4732824427480916,0.508301404853129,0.5140664961636828,0.5454545454545454,0.5068912710566615,0.02385262921566245,71,0.4952107279693487,0.49106002554278416,0.5208931419457735,0.5098852040816326,0.5428753586228882,0.5119848916324854,0.018746781856149027
64,0.7290021896362304,0.23951380525652663,0.001061868667602539,0.00010965133544808019,0.01,"(50, 50)",20,"{'NN__alpha': 0.01, 'NN__hidden_layer_sizes': (50, 50), 'km__n_clusters': 20}",0.5089058524173028,0.44656488549618323,0.5223499361430396,0.5421994884910486,0.5096030729833547,0.5058703420112303,0.03206094231984563,75,0.5389527458492975,0.44699872286079184,0.5368421052631579,0.5455994897959183,0.507810009563277,0.5152406146664885,0.0365040286811561
65,0.7458700180053711,0.1768108880259975,0.0010869026184082032,6.38554927475941e-05,0.01,"(50, 50)",25,"{'NN__alpha': 0.01, 'NN__hidden_layer_sizes': (50, 50), 'km__n_clusters': 25}",0.5063613231552163,0.5356234096692112,0.5223499361430396,0.46547314578005117,0.5019206145966709,0.5063808065339459,0.023674518922738745,73,0.5261813537675607,0.5360791826309068,0.5537480063795853,0.4684311224489796,0.5007969397513548,0.5170473209956775,0.029732784166124508
66,0.929785680770874,0.13928140317479057,0.0010894298553466796,1.7864282686553714e-05,0.01,"(50, 50)",30,"{'NN__alpha': 0.01, 'NN__hidden_layer_sizes': (50, 50), 'km__n_clusters': 30}",0.5356234096692112,0.539440203562341,0.5236270753512133,0.5063938618925832,0.5326504481434059,0.5275650842266463,0.01179120414131089,11,0.5402298850574713,0.5491698595146871,0.5403508771929825,0.5235969387755102,0.5285304430985017,0.5363756007278305,0.009156332105093807
67,1.080936336517334,0.4152363890957221,0.0012582302093505859,8.158593202374674e-05,0.01,"(50, 50)",35,"{'NN__alpha': 0.01, 'NN__hidden_layer_sizes': (50, 50), 'km__n_clusters': 35}",0.5012722646310432,0.5038167938931297,0.5223499361430396,0.4884910485933504,0.49167733674775926,0.501531393568147,0.011873246263173815,91,0.5252234993614304,0.5245849297573435,0.5457735247208931,0.4805484693877551,0.49282754223780684,0.5137915930930458,0.023726041599359187
68,1.1344501972198486,0.38772133988592605,0.0012154102325439454,0.00013183080615768663,0.01,"(50, 50)",40,"{'NN__alpha': 0.01, 'NN__hidden_layer_sizes': (50, 50), 'km__n_clusters': 40}",0.5305343511450382,0.5254452926208651,0.5300127713920817,0.530690537084399,0.4827144686299616,0.5199081163859112,0.018659278689786327,34,0.5446998722860792,0.5478927203065134,0.5480063795853269,0.5471938775510204,0.49760918074593563,0.5370804060949752,0.01977169307775731
69,0.9324729442596436,0.16562592456986847,0.001149606704711914,9.315304047434795e-06,0.01,"(50, 50)",50,"{'NN__alpha': 0.01, 'NN__hidden_layer_sizes': (50, 50), 'km__n_clusters': 50}",0.510178117048346,0.5012722646310432,0.5274584929757343,0.5358056265984654,0.5326504481434059,0.5214395099540582,0.013435797614841741,27,0.5137292464878672,0.5210727969348659,0.5483253588516747,0.5051020408163265,0.5269365635957921,0.5230332013373052,0.014607277279104724
70,1.3288708209991456,0.4881566666413103,0.001262998580932617,8.659494079737336e-05,0.01,"(50, 50)",60,"{'NN__alpha': 0.01, 'NN__hidden_layer_sizes': (50, 50), 'km__n_clusters': 60}",0.5229007633587787,0.5229007633587787,0.5236270753512133,0.5345268542199488,0.5505761843790012,0.5308831036242981,0.010772334056823278,8,0.5344827586206896,0.5363984674329502,0.5416267942583732,0.5239158163265306,0.535224737009882,0.534329714729685,0.00577582677477627
71,1.255506944656372,0.17572089538998006,0.0012691020965576172,8.49487772822371e-05,0.01,"(50, 50)",70,"{'NN__alpha': 0.01, 'NN__hidden_layer_sizes': (50, 50), 'km__n_clusters': 70}",0.5254452926208651,0.539440203562341,0.5070242656449553,0.5498721227621484,0.5108834827144686,0.5265441551812149,0.01634801984633798,14,0.5424648786717752,0.5539591315453385,0.5288676236044657,0.5194515306122449,0.511954096270322,0.5313394521408293,0.015222678139325069
72,0.24799723625183107,0.08368800984486637,0.0039828777313232425,0.005708547243988432,0.001,"(100,)",2,"{'NN__alpha': 0.001, 'NN__hidden_layer_sizes': (100,), 'km__n_clusters': 2}",0.43765903307888043,0.46946564885496184,0.4482758620689655,0.44501278772378516,0.47247119078104993,0.45456865747830527,0.013853126887638059,134,0.46871008939974457,0.460727969348659,0.4583732057416268,0.461734693877551,0.45616831367548616,0.4611428544086135,0.00424740999257308
73,0.29282369613647463,0.03433147980960296,0.009569168090820312,0.017067978623358893,0.001,"(100,)",5,"{'NN__alpha': 0.001, 'NN__hidden_layer_sizes': (100,), 'km__n_clusters': 5}",0.42493638676844786,0.46946564885496184,0.4495530012771392,0.4641943734015345,0.44174135723431496,0.4499744767738642,0.01599640477703844,141,0.47477650063856963,0.46551724137931033,0.45422647527910687,0.46683673469387754,0.43991074274784825,0.4602535389477425,0.012100547917259579
74,0.5939065456390381,0.17920594542285806,0.0012193679809570312,0.0003126336418246085,0.001,"(100,)",10,"{'NN__alpha': 0.001, 'NN__hidden_layer_sizes': (100,), 'km__n_clusters': 10}",0.5,0.5127226463104325,0.46998722860791825,0.5383631713554987,0.5032010243277849,0.5048494129657989,0.022017241410641788,81,0.5150063856960408,0.5178799489144317,0.4682615629984051,0.5255102040816326,0.4905961109340134,0.5034508425249048,0.02112758689173332
75,0.563204574584961,0.08248989064360471,0.0010151386260986329,6.301388161389442e-05,0.001,"(100,)",15,"{'NN__alpha': 0.001, 'NN__hidden_layer_sizes': (100,), 'km__n_clusters': 15}",0.4580152671755725,0.5050890585241731,0.5300127713920817,0.510230179028133,0.5083226632522407,0.5022970903522205,0.023838069697960006,90,0.47541507024265645,0.5287356321839081,0.523444976076555,0.5079719387755102,0.5205610455849538,0.5112257325727168,0.019162699579280962
76,0.6599496841430664,0.0813270876245398,0.0009887218475341797,5.155577820120052e-06,0.001,"(100,)",20,"{'NN__alpha': 0.001, 'NN__hidden_layer_sizes': (100,), 'km__n_clusters': 20}",0.5063613231552163,0.5114503816793893,0.5044699872286079,0.5140664961636828,0.5339308578745199,0.514037774374681,0.010504460841219494,51,0.5335249042145593,0.5319284802043422,0.5167464114832536,0.5341198979591837,0.5361810647115078,0.5305001517145693,0.007010420182351264
77,0.7174213886260986,0.16742831984457193,0.001011037826538086,4.772184754637452e-06,0.001,"(100,)",25,"{'NN__alpha': 0.001, 'NN__hidden_layer_sizes': (100,), 'km__n_clusters': 25}",0.5216284987277354,0.4821882951653944,0.5197956577266922,0.5166240409207161,0.5518565941101152,0.5183767228177641,0.022120035378080445,38,0.5383141762452107,0.5086206896551724,0.5323763955342903,0.5121173469387755,0.5412814791201785,0.5265420174987255,0.01355817487675842
78,0.8806257724761963,0.1761287331885873,0.0010801792144775391,5.631456932297849e-05,0.001,"(100,)",30,"{'NN__alpha': 0.001, 'NN__hidden_layer_sizes': (100,), 'km__n_clusters': 30}",0.4631043256997455,0.5356234096692112,0.5261813537675607,0.4462915601023018,0.5160051216389244,0.49744767738642165,0.03584623109547893,99,0.4821200510855683,0.5402298850574713,0.5365231259968102,0.4569515306122449,0.5336308575071724,0.5098910900518534,0.03396207278340285
79,0.7375925540924072,0.10125784043697365,0.001103973388671875,6.517399393529737e-05,0.001,"(100,)",35,"{'NN__alpha': 0.001, 'NN__hidden_layer_sizes': (100,), 'km__n_clusters': 35}",0.5318066157760815,0.5139949109414759,0.5070242656449553,0.5319693094629157,0.528809218950064,0.5227156712608474,0.01027304983784078,24,0.5178799489144317,0.530970625798212,0.5259968102073366,0.5188137755102041,0.5345871852087982,0.5256496691277965,0.00656369216616254
80,1.0544808387756348,0.15395882202473146,0.0012094974517822266,0.00014545424916808855,0.001,"(100,)",40,"{'NN__alpha': 0.001, 'NN__hidden_layer_sizes': (100,), 'km__n_clusters': 40}",0.4821882951653944,0.5318066157760815,0.5146871008939975,0.5153452685421995,0.5569782330345711,0.520163348647269,0.02443961509636993,33,0.5067049808429118,0.539272030651341,0.543859649122807,0.5184948979591837,0.5400063755180108,0.529667586818851,0.014509726221385922
81,1.0957421779632568,0.45686917478750183,0.0012363433837890626,0.00014961616712288084,0.001,"(100,)",50,"{'NN__alpha': 0.001, 'NN__hidden_layer_sizes': (100,), 'km__n_clusters': 50}",0.5,0.48982188295165396,0.5070242656449553,0.5370843989769821,0.5121638924455826,0.5091883614088821,0.015817698160911234,66,0.5166028097062579,0.5102171136653896,0.5196172248803828,0.5191326530612245,0.5004781638508129,0.5132095930328135,0.007193031727551872
82,1.0230520248413086,0.06974001446008794,0.0012189865112304688,8.052456827889251e-05,0.001,"(100,)",60,"{'NN__alpha': 0.001, 'NN__hidden_layer_sizes': (100,), 'km__n_clusters': 60}",0.5152671755725191,0.5127226463104325,0.5134099616858238,0.5089514066496164,0.5377720870678617,0.5176110260336907,0.010267141152367848,40,0.5370370370370371,0.5341634738186463,0.5342902711323764,0.5165816326530612,0.5460631176283073,0.5336271064538856,0.00956616595034417
83,1.023453950881958,0.09739695914245877,0.0012012004852294921,1.4095680634482106e-05,0.001,"(100,)",70,"{'NN__alpha': 0.001, 'NN__hidden_layer_sizes': (100,), 'km__n_clusters': 70}",0.5318066157760815,0.49236641221374045,0.5312899106002554,0.5383631713554987,0.5083226632522407,0.5204185809086268,0.017347569275265637,32,0.5306513409961686,0.5035121328224776,0.5416267942583732,0.5427295918367347,0.5030283710551482,0.5243096461937805,0.017690813104562175
84,0.17253355979919432,0.05270133183486407,0.0009432792663574219,0.00011089684418559388,0.001,"(50,)",2,"{'NN__alpha': 0.001, 'NN__hidden_layer_sizes': (50,), 'km__n_clusters': 2}",0.4440203562340967,0.4669211195928753,0.454661558109834,0.4462915601023018,0.4647887323943662,0.4553343542623788,0.00931889563002244,129,0.4651979565772669,0.45753512132822477,0.45773524720893144,0.4588647959183674,0.4539368823716927,0.4586540006808966,0.003666469623408604
85,0.2664941310882568,0.047407617786473816,0.0008869171142578125,4.05451806439997e-06,0.001,"(50,)",5,"{'NN__alpha': 0.001, 'NN__hidden_layer_sizes': (50,), 'km__n_clusters': 5}",0.4262086513994911,0.45674300254452926,0.4661558109833972,0.44884910485933505,0.4737516005121639,0.4543134252169474,0.01639963403500094,135,0.4671136653895275,0.45146871008939976,0.4602870813397129,0.45918367346938777,0.4529805546700669,0.45820673699161896,0.005609449155966093
86,0.3757826328277588,0.047627028292760984,0.0008596420288085937,1.0498650527942205e-05,0.001,"(50,)",10,"{'NN__alpha': 0.001, 'NN__hidden_layer_sizes': (50,), 'km__n_clusters': 10}",0.44529262086513993,0.4770992366412214,0.4840357598978289,0.5038363171355499,0.5032010243277849,0.4826442062276672,0.021454877922922288,112,0.4604086845466156,0.49361430395913153,0.47432216905901115,0.4945790816326531,0.5087663372649027,0.4863381152924628,0.016974097509246444
87,0.4047101974487305,0.07230521024015954,0.0009096145629882812,3.0317770002529594e-05,0.001,"(50,)",15,"{'NN__alpha': 0.001, 'NN__hidden_layer_sizes': (50,), 'km__n_clusters': 15}",0.4592875318066158,0.48346055979643765,0.44699872286079184,0.4731457800511509,0.4532650448143406,0.46324655436447165,0.013315132592145578,117,0.48531289910600256,0.4948914431673052,0.45996810207336525,0.4760841836734694,0.46477526299011795,0.4762063782020521,0.012856339400098497
88,0.4880208492279053,0.04434507969372111,0.0008757591247558593,2.6625879846710625e-05,0.001,"(50,)",20,"{'NN__alpha': 0.001, 'NN__hidden_layer_sizes': (50,), 'km__n_clusters': 20}",0.4707379134860051,0.4961832061068702,0.4878671775223499,0.48081841432225064,0.499359795134443,0.4869831546707504,0.010401890520612914,109,0.5067049808429118,0.4901021711366539,0.49984051036682614,0.46619897959183676,0.5132291998724896,0.49521516836214363,0.016407296316829186
89,0.6400204181671143,0.1064328067416,0.0008997917175292969,2.9065561943807808e-05,0.001,"(50,)",25,"{'NN__alpha': 0.001, 'NN__hidden_layer_sizes': (50,), 'km__n_clusters': 25}",0.5203562340966921,0.4961832061068702,0.4955300127713921,0.5396419437340153,0.5032010243277849,0.510974987238387,0.01689058450085348,60,0.5290549169859514,0.49648786717752236,0.48995215311004786,0.5334821428571429,0.5116353203697801,0.512122480100089,0.017199677070663034
90,0.7661567687988281,0.10172830419573002,0.0009505748748779297,4.8172354432533465e-05,0.001,"(50,)",30,"{'NN__alpha': 0.001, 'NN__hidden_layer_sizes': (50,), 'km__n_clusters': 30}",0.5114503816793893,0.49236641221374045,0.541507024265645,0.5191815856777494,0.5505761843790012,0.5229709035222052,0.020927540964060035,22,0.5201149425287356,0.4891443167305236,0.5518341307814992,0.5204081632653061,0.5428753586228882,0.5248753823857906,0.02177200104153617
91,0.6932145595550537,0.11870826933115114,0.0009549617767333985,4.709635425101182e-05,0.001,"(50,)",35,"{'NN__alpha': 0.001, 'NN__hidden_layer_sizes': (50,), 'km__n_clusters': 35}",0.5267175572519084,0.49363867684478374,0.49936143039591313,0.43861892583120204,0.5249679897567221,0.49668198060234814,0.03188492145507499,101,0.5300127713920817,0.49648786717752236,0.509090909090909,0.43271683673469385,0.5205610455849538,0.4977738859960321,0.03441147741214937
92,0.7232933521270752,0.05278768496893884,0.0009576320648193359,1.068540897020668e-05,0.001,"(50,)",40,"{'NN__alpha': 0.001, 'NN__hidden_layer_sizes': (50,), 'km__n_clusters': 40}",0.4707379134860051,0.5025445292620865,0.5070242656449553,0.5115089514066496,0.5057618437900128,0.4994895354772843,0.014687822113703366,95,0.5025542784163474,0.5114942528735632,0.5046251993620414,0.5226403061224489,0.5122728721708639,0.510717381789053,0.007055921584983867
93,0.7446471214294433,0.07997351830278246,0.000987863540649414,3.077724373455987e-06,0.001,"(50,)",50,"{'NN__alpha': 0.001, 'NN__hidden_layer_sizes': (50,), 'km__n_clusters': 50}",0.48854961832061067,0.49745547073791346,0.4355044699872286,0.479539641943734,0.5057618437900128,0.481368044920878,0.024534086592260758,114,0.4945721583652618,0.5022349936143039,0.44082934609250396,0.48246173469387754,0.4896397832323876,0.481947603199667,0.02154577747654949
94,1.0597830295562745,0.24553259078366232,0.0010879993438720702,7.337168208297167e-05,0.001,"(50,)",60,"{'NN__alpha': 0.001, 'NN__hidden_layer_sizes': (50,), 'km__n_clusters': 60}",0.5076335877862596,0.4770992366412214,0.5031928480204342,0.5421994884910486,0.5569782330345711,0.5173557937723329,0.02864080190354597,41,0.5287356321839081,0.5073435504469987,0.519298245614035,0.5385841836734694,0.5460631176283073,0.5280049459093437,0.01372043463172397
95,1.0825432777404784,0.19169639216787523,0.0010637283325195313,4.0924741823435455e-06,0.001,"(50,)",70,"{'NN__alpha': 0.001, 'NN__hidden_layer_sizes': (50,), 'km__n_clusters': 70}",0.5203562340966921,0.4961832061068702,0.4840357598978289,0.540920716112532,0.4622279129321383,0.5007656967840735,0.02747752119588897,92,0.5226692209450831,0.5153256704980843,0.5074960127591707,0.53125,0.4622250557857826,0.5077931919976242,0.024103110440715184
96,0.19263086318969727,0.035068035908844226,0.0009379386901855469,6.802245434611848e-06,0.001,"(50, 50)",2,"{'NN__alpha': 0.001, 'NN__hidden_layer_sizes': (50, 50), 'km__n_clusters': 2}",0.4440203562340967,0.4732824427480916,0.454661558109834,0.4475703324808184,0.469910371318822,0.45788667687595713,0.011758502858078605,122,0.4658365261813538,0.45817369093231164,0.4602870813397129,0.4642857142857143,0.45808096907873763,0.461332796363566,0.003182802358105907
97,0.36408519744873047,0.06917507035369563,0.0009835243225097656,2.8141230768185154e-05,0.001,"(50, 50)",5,"{'NN__alpha': 0.001, 'NN__hidden_layer_sizes': (50, 50), 'km__n_clusters': 5}",0.44783715012722647,0.46564885496183206,0.47509578544061304,0.4539641943734015,0.4468629961587708,0.45788667687595713,0.010900804434583043,122,0.46551724137931033,0.4674329501915709,0.46060606060606063,0.453125,0.44628626075868666,0.4585935025871257,0.007892998220737078
98,0.6330278873443603,0.12164836583165181,0.0010958194732666015,6.582674363310757e-05,0.001,"(50, 50)",10,"{'NN__alpha': 0.001, 'NN__hidden_layer_sizes': (50, 50), 'km__n_clusters': 10}",0.5216284987277354,0.49872773536895676,0.5108556832694764,0.5396419437340153,0.5377720870678617,0.521694742215416,0.01565609366007331,25,0.5363984674329502,0.5054278416347382,0.5304625199362042,0.5235969387755102,0.5288492189990437,0.5249469973556893,0.01057926829463255
99,0.6110260009765625,0.14022025774997982,0.0010162353515625,4.436600135235874e-05,0.001,"(50, 50)",15,"{'NN__alpha': 0.001, 'NN__hidden_layer_sizes': (50, 50), 'km__n_clusters': 15}",0.4961832061068702,0.4491094147582697,0.5031928480204342,0.5191815856777494,0.528809218950064,0.4992343032159265,0.027619017280048317,96,0.5105363984674329,0.46871008939974457,0.5221690590111643,0.5133928571428571,0.5447880140261396,0.5119192836094678,0.024724601471073367
100,0.8348074913024902,0.2074603083132296,0.0010904788970947266,6.755697194156758e-05,0.001,"(50, 50)",20,"{'NN__alpha': 0.001, 'NN__hidden_layer_sizes': (50, 50), 'km__n_clusters': 20}",0.4961832061068702,0.44656488549618323,0.5172413793103449,0.5396419437340153,0.5198463508322664,0.5038284839203675,0.031822212403296864,86,0.5169220945083014,0.44699872286079184,0.5314194577352472,0.5507015306122449,0.5208798214854957,0.5133843254404162,0.035195415325089525
101,1.5451367855072022,0.8395844138677677,0.0014383316040039063,0.000152324762564299,0.001,"(50, 50)",25,"{'NN__alpha': 0.001, 'NN__hidden_layer_sizes': (50, 50), 'km__n_clusters': 25}",0.5089058524173028,0.5381679389312977,0.5095785440613027,0.4948849104859335,0.5070422535211268,0.5117406840224604,0.014274522640275364,56,0.5319284802043422,0.5338441890166028,0.5594896331738437,0.49043367346938777,0.49729040484539366,0.5225972761419141,0.025493314800283124
102,2.3496716976165772,0.7562793522022414,0.0017247200012207031,9.786947635086116e-05,0.001,"(50, 50)",30,"{'NN__alpha': 0.001, 'NN__hidden_layer_sizes': (50, 50), 'km__n_clusters': 30}",0.5330788804071247,0.5279898218829516,0.5197956577266922,0.5063938618925832,0.5352112676056338,0.5245022970903522,0.010484903884809578,18,0.54757343550447,0.5268199233716475,0.5362041467304626,0.5162627551020408,0.5368186165125917,0.5327357754442424,0.01053767575484047
103,1.1068979263305665,0.14299339781314446,0.0014226913452148437,0.0003774172703971568,0.001,"(50, 50)",35,"{'NN__alpha': 0.001, 'NN__hidden_layer_sizes': (50, 50), 'km__n_clusters': 35}",0.49872773536895676,0.5216284987277354,0.49936143039591313,0.5063938618925832,0.5032010243277849,0.5058703420112303,0.008366143146986143,75,0.5252234993614304,0.5443805874840357,0.5170653907496012,0.5092474489795918,0.503984698756774,0.5199803250662866,0.014159203472941433
104,1.3085371017456056,0.37418928478977836,0.0013476371765136718,3.7971510282594106e-05,0.001,"(50, 50)",40,"{'NN__alpha': 0.001, 'NN__hidden_layer_sizes': (50, 50), 'km__n_clusters': 40}",0.5343511450381679,0.5203562340966921,0.5287356321839081,0.5332480818414322,0.48655569782330343,0.5206738131699847,0.017723766785180582,30,0.5434227330779055,0.5482120051085568,0.5454545454545454,0.5420918367346939,0.5087663372649027,0.5375894915281207,0.014558632552892232
105,1.2110629558563233,0.11626402045330585,0.0018279552459716797,0.0009126480717563491,0.001,"(50, 50)",50,"{'NN__alpha': 0.001, 'NN__hidden_layer_sizes': (50, 50), 'km__n_clusters': 50}",0.48854961832061067,0.49872773536895676,0.5223499361430396,0.5217391304347826,0.528809218950064,0.5119959162838182,0.015566667054792078,55,0.5070242656449553,0.5181992337164751,0.5333333333333333,0.5306122448979592,0.5288492189990437,0.5236036593183533,0.009750762383443343
106,2.09068922996521,0.8446723602436778,0.0015223503112792968,5.9700964350313485e-05,0.001,"(50, 50)",60,"{'NN__alpha': 0.001, 'NN__hidden_layer_sizes': (50, 50), 'km__n_clusters': 60}",0.5343511450381679,0.5254452926208651,0.5274584929757343,0.5217391304347826,0.5224071702944942,0.5262889229198571,0.004537743822194631,16,0.5370370370370371,0.5325670498084292,0.5457735247208931,0.5197704081632653,0.5243863563914568,0.5319068752242163,0.009196634114788878
107,2.0351821899414064,0.7394163728585755,0.0014768600463867187,5.432901869921174e-05,0.001,"(50, 50)",70,"{'NN__alpha': 0.001, 'NN__hidden_layer_sizes': (50, 50), 'km__n_clusters': 70}",0.5419847328244275,0.5229007633587787,0.5274584929757343,0.551150895140665,0.5121638924455826,0.531138335885656,0.013842836656934563,7,0.5389527458492975,0.526500638569604,0.5403508771929825,0.5213647959183674,0.5304430985017533,0.531522431206401,0.0072486129604144986
108,0.23949785232543946,0.07901325593955373,0.001229238510131836,0.0002198283635188909,0.0001,"(100,)",2,"{'NN__alpha': 0.0001, 'NN__hidden_layer_sizes': (100,), 'km__n_clusters': 2}",0.43765903307888043,0.46946564885496184,0.4495530012771392,0.4462915601023018,0.47247119078104993,0.4550791220010209,0.01357242499819397,130,0.46839080459770116,0.46008939974457214,0.45933014354066987,0.4614158163265306,0.45425565827223463,0.4606963644963417,0.004548399322492031
109,0.4536403179168701,0.15198093455214023,0.0037086963653564452,0.003303680300773149,0.0001,"(100,)",5,"{'NN__alpha': 0.0001, 'NN__hidden_layer_sizes': (100,), 'km__n_clusters': 5}",0.4262086513994911,0.4631043256997455,0.4495530012771392,0.4629156010230179,0.44174135723431496,0.44869831546707506,0.013901006828577901,144,0.47445721583652617,0.46424010217113665,0.45422647527910687,0.46875,0.43991074274784825,0.46031690720692364,0.012165210642832915
110,0.6616848468780517,0.413171595378902,0.12408604621887206,0.24495429488466444,0.0001,"(100,)",10,"{'NN__alpha': 0.0001, 'NN__hidden_layer_sizes': (100,), 'km__n_clusters': 10}",0.4961832061068702,0.5139949109414759,0.46998722860791825,0.5332480818414322,0.5006402048655569,0.5028075548749362,0.020858193374332732,89,0.5140485312899106,0.5175606641123882,0.4682615629984051,0.5239158163265306,0.49155243863563913,0.5030678026725747,0.020539411073132702
111,0.5802019119262696,0.08571826864025646,0.0010508060455322265,8.529197325299148e-05,0.0001,"(100,)",15,"{'NN__alpha': 0.0001, 'NN__hidden_layer_sizes': (100,), 'km__n_clusters': 15}",0.4580152671755725,0.5152671755725191,0.5287356321839081,0.5115089514066496,0.5083226632522407,0.5043389484430832,0.024224415333174005,83,0.47541507024265645,0.5338441890166028,0.5240829346092504,0.5070153061224489,0.5199234937838699,0.5120561987549657,0.020244683861250463
112,0.7023213863372803,0.11803416262328832,0.001047229766845703,6.88878045999161e-05,0.0001,"(100,)",20,"{'NN__alpha': 0.0001, 'NN__hidden_layer_sizes': (100,), 'km__n_clusters': 20}",0.4961832061068702,0.5127226463104325,0.48659003831417624,0.5370843989769821,0.5224071702944942,0.510974987238387,0.01804035265934672,60,0.5191570881226054,0.5306513409961686,0.5097288676236045,0.5363520408163265,0.5291679948995855,0.5250114664916581,0.009439545678640781
113,0.7434334754943848,0.12493842017008845,0.0010529041290283203,5.5526125915843944e-05,0.0001,"(100,)",25,"{'NN__alpha': 0.0001, 'NN__hidden_layer_sizes': (100,), 'km__n_clusters': 25}",0.5318066157760815,0.5050890585241731,0.5146871008939975,0.5153452685421995,0.5198463508322664,0.5173557937723329,0.008691745814015377,41,0.5274584929757343,0.5207535121328225,0.5425837320574163,0.5121173469387755,0.5256614599936245,0.5257149088196746,0.00997105095866658
114,0.7311235427856445,0.16392473217298842,0.0011128902435302735,3.536203275286387e-05,0.0001,"(100,)",30,"{'NN__alpha': 0.0001, 'NN__hidden_layer_sizes': (100,), 'km__n_clusters': 30}",0.4592875318066158,0.5241730279898219,0.5095785440613027,0.4514066496163683,0.5313700384122919,0.4951505870342011,0.0333469854780858,104,0.4942528735632184,0.539272030651341,0.5135566188197768,0.4563137755102041,0.5345871852087982,0.5075964967506678,0.030250056343785473
115,0.7297488212585449,0.07775829909867056,0.0011456012725830078,1.871669366515859e-05,0.0001,"(100,)",35,"{'NN__alpha': 0.0001, 'NN__hidden_layer_sizes': (100,), 'km__n_clusters': 35}",0.5203562340966921,0.4860050890585242,0.5095785440613027,0.5460358056265985,0.5211267605633803,0.5165900969882593,0.019429110251390293,44,0.5178799489144317,0.5073435504469987,0.5212121212121212,0.5357142857142857,0.5349059611093402,0.5234111734794356,0.010743328155607128
116,0.8406061172485352,0.04322185665448598,0.0011585235595703125,7.993816219213821e-06,0.0001,"(100,)",40,"{'NN__alpha': 0.0001, 'NN__hidden_layer_sizes': (100,), 'km__n_clusters': 40}",0.5190839694656488,0.5216284987277354,0.5146871008939975,0.5191815856777494,0.558258642765685,0.5265441551812149,0.015981944674804287,14,0.5316091954022989,0.5242656449553001,0.5502392344497608,0.5162627551020408,0.5438316863245138,0.5332417032467829,0.012430472179278415
117,1.005207633972168,0.18953520139226218,0.0012745857238769531,0.0001070063381131268,0.0001,"(100,)",50,"{'NN__alpha': 0.0001, 'NN__hidden_layer_sizes': (100,), 'km__n_clusters': 50}",0.5216284987277354,0.4262086513994911,0.5517241379310345,0.5498721227621484,0.5275288092189501,0.5153139356814701,0.046193702760159376,48,0.539272030651341,0.4118773946360153,0.5515151515151515,0.5277423469387755,0.5189671660822441,0.5098748179647055,0.0502066287594137
118,0.9842334270477295,0.09987320125188597,0.0012661933898925782,1.6963209637931963e-05,0.0001,"(100,)",60,"{'NN__alpha': 0.0001, 'NN__hidden_layer_sizes': (100,), 'km__n_clusters': 60}",0.5190839694656488,0.5127226463104325,0.49808429118773945,0.4961636828644501,0.5364916773367477,0.512506380806534,0.01477298577821284,53,0.541507024265645,0.5348020434227331,0.512280701754386,0.5003188775510204,0.5438316863245138,0.5265480666636597,0.017217143296257655
119,1.0899486064910888,0.19219802243951453,0.0012695789337158203,6.113732994859809e-05,0.0001,"(100,)",70,"{'NN__alpha': 0.0001, 'NN__hidden_layer_sizes': (100,), 'km__n_clusters': 70}",0.5203562340966921,0.5050890585241731,0.5172413793103449,0.5396419437340153,0.5096030729833547,0.5183767228177641,0.011919136476271174,38,0.5134099616858238,0.5130906768837803,0.532695374800638,0.5522959183673469,0.5004781638508129,0.5223940191176804,0.018153851846824477
120,0.15951528549194335,0.03642992565530299,0.0009394168853759765,9.557360773715474e-05,0.0001,"(50,)",2,"{'NN__alpha': 0.0001, 'NN__hidden_layer_sizes': (50,), 'km__n_clusters': 2}",0.4440203562340967,0.47455470737913485,0.454661558109834,0.4462915601023018,0.4686299615877081,0.45763144461459926,0.01208977276141447,124,0.466794380587484,0.45721583652618136,0.45773524720893144,0.4588647959183674,0.45967484858144725,0.46005702176448227,0.0034762748270238124
121,0.25375990867614745,0.03872263059619183,0.0008674144744873046,1.7544367739947797e-05,0.0001,"(50,)",5,"{'NN__alpha': 0.0001, 'NN__hidden_layer_sizes': (50,), 'km__n_clusters': 5}",0.42493638676844786,0.45674300254452926,0.4661558109833972,0.44884910485933505,0.4737516005121639,0.4540581929555896,0.016839063688528222,136,0.4671136653895275,0.45146871008939976,0.4602870813397129,0.45918367346938777,0.45329933057060884,0.4582704921717274,0.0055511968380658
122,0.33057446479797364,0.033396506232703065,0.0009406089782714843,9.474112369423681e-05,0.0001,"(50,)",10,"{'NN__alpha': 0.0001, 'NN__hidden_layer_sizes': (50,), 'km__n_clusters': 10}",0.44529262086513993,0.4618320610687023,0.5057471264367817,0.5140664961636828,0.5070422535211268,0.48672792240939255,0.027793784845692306,110,0.4604086845466156,0.46455938697318006,0.5039872408293461,0.4875637755102041,0.5068536818616513,0.48467455394419945,0.01932197480100032
123,0.38871135711669924,0.050973535858439556,0.0009143352508544922,1.108479743655799e-05,0.0001,"(50,)",15,"{'NN__alpha': 0.0001, 'NN__hidden_layer_sizes': (50,), 'km__n_clusters': 15}",0.4580152671755725,0.4720101781170484,0.44572158365261816,0.4731457800511509,0.4532650448143406,0.4604389994895355,0.01066825812219163,119,0.48531289910600256,0.47541507024265645,0.45614035087719296,0.4760841836734694,0.46477526299011795,0.47154555337788795,0.010082353198993607
124,0.497467041015625,0.08705758844574739,0.000893402099609375,4.11796304791901e-05,0.0001,"(50,)",20,"{'NN__alpha': 0.0001, 'NN__hidden_layer_sizes': (50,), 'km__n_clusters': 20}",0.4720101781170484,0.5127226463104325,0.4840357598978289,0.479539641943734,0.5019206145966709,0.4900459418070444,0.015025874629821589,106,0.5089399744572158,0.5296934865900383,0.5145135566188198,0.4658801020408163,0.5084475613643609,0.5054949362142501,0.02124536055072967
125,0.6539748668670654,0.13812238052225675,0.000939321517944336,1.2303322749955692e-05,0.0001,"(50,)",25,"{'NN__alpha': 0.0001, 'NN__hidden_layer_sizes': (50,), 'km__n_clusters': 25}",0.5216284987277354,0.49745547073791346,0.4904214559386973,0.5396419437340153,0.5262483994878361,0.5150587034201123,0.018376844469756747,49,0.5284163473818646,0.49712643678160917,0.48899521531100476,0.5322066326530612,0.5358622888109659,0.5165213841877012,0.019470191156587498
126,0.7861107349395752,0.17658382427419697,0.000956583023071289,2.8720246819141906e-05,0.0001,"(50,)",30,"{'NN__alpha': 0.0001, 'NN__hidden_layer_sizes': (50,), 'km__n_clusters': 30}",0.5152671755725191,0.4961832061068702,0.5466155810983397,0.5281329923273658,0.5326504481434059,0.5237366003062787,0.01705868940989775,19,0.5210727969348659,0.4885057471264368,0.5486443381180224,0.5379464285714286,0.5336308575071724,0.5259600336515853,0.020706528114375324
127,0.689739465713501,0.06785954296098017,0.001024007797241211,1.4348758242922856e-05,0.0001,"(50,)",35,"{'NN__alpha': 0.0001, 'NN__hidden_layer_sizes': (50,), 'km__n_clusters': 35}",0.5050890585241731,0.48982188295165396,0.5146871008939975,0.43861892583120204,0.528809218950064,0.49540581929555894,0.031071089447090625,103,0.5226692209450831,0.49680715197956576,0.5125996810207336,0.43271683673469385,0.5196047178833281,0.4968795217126809,0.03330321881477943
128,0.7549086570739746,0.041406696305164234,0.0010259628295898437,1.6099451779012786e-05,0.0001,"(50,)",40,"{'NN__alpha': 0.0001, 'NN__hidden_layer_sizes': (50,), 'km__n_clusters': 40}",0.4720101781170484,0.494910941475827,0.5019157088122606,0.5166240409207161,0.5019206145966709,0.49744767738642165,0.014576513958431027,99,0.5028735632183908,0.51213282247765,0.508133971291866,0.5220025510204082,0.5109977685686962,0.5112281353154022,0.006266295355511257
129,0.869126844406128,0.17454980140520598,0.0010698318481445312,1.2661261237905815e-05,0.0001,"(50,)",50,"{'NN__alpha': 0.0001, 'NN__hidden_layer_sizes': (50,), 'km__n_clusters': 50}",0.5279898218829516,0.4961832061068702,0.5236270753512133,0.479539641943734,0.5006402048655569,0.5056151097498723,0.017993254747850233,77,0.533205619412516,0.5031928480204342,0.5317384370015948,0.48246173469387754,0.48453936882371695,0.5070276015904278,0.02199918984009513
130,0.9333150863647461,0.12087496891234832,0.0011766910552978515,9.83471986008244e-05,0.0001,"(50,)",60,"{'NN__alpha': 0.0001, 'NN__hidden_layer_sizes': (50,), 'km__n_clusters': 60}",0.510178117048346,0.4758269720101781,0.5338441890166028,0.5447570332480819,0.5416133162612036,0.5211842776927004,0.02575167751917059,29,0.527139208173691,0.5102171136653896,0.522488038277512,0.5385841836734694,0.5479757730315589,0.5292808633643242,0.01303999331625472
131,1.083641242980957,0.22009894831136367,0.0012081623077392577,0.00010904449504062414,0.0001,"(50,)",70,"{'NN__alpha': 0.0001, 'NN__hidden_layer_sizes': (50,), 'km__n_clusters': 70}",0.5229007633587787,0.49745547073791346,0.49169859514687103,0.5485933503836317,0.4622279129321383,0.5045941807044411,0.029238203211485455,82,0.5098978288633461,0.5159642401021711,0.5065390749601276,0.5420918367346939,0.4619062798852407,0.507279852109116,0.02589770830714861
132,0.2532666683197021,0.11774974543099544,0.0010132312774658204,8.222365149778416e-06,0.0001,"(50, 50)",2,"{'NN__alpha': 0.0001, 'NN__hidden_layer_sizes': (50, 50), 'km__n_clusters': 2}",0.43256997455470736,0.4720101781170484,0.4559386973180077,0.44501278772378516,0.47247119078104993,0.4555895865237366,0.015477675419397192,127,0.46424010217113665,0.45753512132822477,0.4558213716108453,0.46364795918367346,0.4577621931781957,0.4598013494944152,0.003453493997780092
133,0.5104780673980713,0.3522058672176187,0.0010216236114501953,2.95157964056663e-05,0.0001,"(50, 50)",5,"{'NN__alpha': 0.0001, 'NN__hidden_layer_sizes': (50, 50), 'km__n_clusters': 5}",0.4491094147582697,0.46564885496183206,0.46871008939974457,0.45524296675191817,0.4468629961587708,0.4571209800918836,0.0087170017163003,125,0.47956577266922096,0.46839080459770116,0.4602870813397129,0.4528061224489796,0.44628626075868666,0.46146720836286026,0.011682144442983277
134,0.5114493846893311,0.108828552880379,0.0010669231414794922,1.9368629975137338e-05,0.0001,"(50, 50)",10,"{'NN__alpha': 0.0001, 'NN__hidden_layer_sizes': (50, 50), 'km__n_clusters': 10}",0.5216284987277354,0.5076335877862596,0.5300127713920817,0.489769820971867,0.5352112676056338,0.5168453292496171,0.016426128149684326,43,0.5322477650063857,0.5092592592592593,0.5253588516746411,0.501594387755102,0.5243863563914568,0.518569324017369,0.011330146214840162
135,0.7308966159820557,0.29876506363682065,0.0010789871215820313,1.116817368243973e-05,0.0001,"(50, 50)",15,"{'NN__alpha': 0.0001, 'NN__hidden_layer_sizes': (50, 50), 'km__n_clusters': 15}",0.5381679389312977,0.44783715012722647,0.5019157088122606,0.5127877237851662,0.5313700384122919,0.5063808065339459,0.032045747956781195,73,0.539272030651341,0.46839080459770116,0.5199362041467305,0.5184948979591837,0.5294867708001275,0.5151161416310168,0.024527242302940493
136,0.8893382549285889,0.3893742733146979,0.0010955333709716797,1.513009637894769e-05,0.0001,"(50, 50)",20,"{'NN__alpha': 0.0001, 'NN__hidden_layer_sizes': (50, 50), 'km__n_clusters': 20}",0.5089058524173028,0.44656488549618323,0.508301404853129,0.540920716112532,0.5236875800256082,0.5056151097498723,0.031890916195441495,77,0.541507024265645,0.44699872286079184,0.5333333333333333,0.5318877551020408,0.5199234937838699,0.5147300658691363,0.034560034375981985
137,0.6980323314666748,0.10842797666740898,0.0011391162872314454,2.1094534310797733e-05,0.0001,"(50, 50)",25,"{'NN__alpha': 0.0001, 'NN__hidden_layer_sizes': (50, 50), 'km__n_clusters': 25}",0.5152671755725191,0.5356234096692112,0.4929757343550447,0.4948849104859335,0.5044814340588989,0.5086778968861664,0.01565640450383762,67,0.5306513409961686,0.5379948914431673,0.5036682615629984,0.49075255102040816,0.5094038890659867,0.5144941868177458,0.017436248496697896
138,1.1000976085662841,0.3211770959513379,0.0011574268341064454,1.7960120779223497e-05,0.0001,"(50, 50)",30,"{'NN__alpha': 0.0001, 'NN__hidden_layer_sizes': (50, 50), 'km__n_clusters': 30}",0.5381679389312977,0.49236641221374045,0.5236270753512133,0.5255754475703325,0.528809218950064,0.521694742215416,0.015518961036109712,25,0.5402298850574713,0.49265644955300125,0.5425837320574163,0.5344387755102041,0.5259802358941664,0.5271778156144519,0.01818559445679925
139,0.7542399883270263,0.08440667731412345,0.0012052536010742187,7.8096552229207e-06,0.0001,"(50, 50)",35,"{'NN__alpha': 0.0001, 'NN__hidden_layer_sizes': (50, 50), 'km__n_clusters': 35}",0.5012722646310432,0.4618320610687023,0.5159642401021711,0.49104859335038364,0.499359795134443,0.49387442572741197,0.01794601967927758,105,0.5287356321839081,0.47956577266922096,0.5464114832535886,0.47959183673469385,0.5065349059611094,0.5081679261605042,0.026544087915690885
140,0.9951294422149658,0.1151218416932101,0.0012221813201904296,1.2662159116913696e-05,0.0001,"(50, 50)",40,"{'NN__alpha': 0.0001, 'NN__hidden_layer_sizes': (50, 50), 'km__n_clusters': 40}",0.5381679389312977,0.5241730279898219,0.5312899106002554,0.5460358056265985,0.5390524967989757,0.535732516590097,0.007438129038597425,1,0.5526819923371648,0.5482120051085568,0.5422647527910686,0.5363520408163265,0.5218361491871214,0.5402693880480476,0.010735635013389993
141,0.8807280540466309,0.060145662768108295,0.0012096405029296876,5.086191991469016e-05,0.0001,"(50, 50)",50,"{'NN__alpha': 0.0001, 'NN__hidden_layer_sizes': (50, 50), 'km__n_clusters': 50}",0.5038167938931297,0.5012722646310432,0.5287356321839081,0.5063938618925832,0.5134443021766966,0.5107197549770292,0.00987645923893575,63,0.5194763729246488,0.5201149425287356,0.5247208931419458,0.5213647959183674,0.5148230793751992,0.5201000167777793,0.003199605832964964
142,1.0853448390960694,0.14517164520213902,0.0013119697570800782,2.471810871063008e-05,0.0001,"(50, 50)",60,"{'NN__alpha': 0.0001, 'NN__hidden_layer_sizes': (50, 50), 'km__n_clusters': 60}",0.5241730279898219,0.5089058524173028,0.5312899106002554,0.530690537084399,0.5083226632522407,0.5206738131699847,0.010158552182657363,30,0.5296934865900383,0.5306513409961686,0.54896331738437,0.5293367346938775,0.511954096270322,0.5301197951869552,0.011714507327558854
143,1.1252163887023925,0.1192592566968806,0.001344776153564453,2.90978521143484e-05,0.0001,"(50, 50)",70,"{'NN__alpha': 0.0001, 'NN__hidden_layer_sizes': (50, 50), 'km__n_clusters': 70}",0.5038167938931297,0.5330788804071247,0.5223499361430396,0.5345268542199488,0.5006402048655569,0.5188871873404798,0.014267180502663745,36,0.5319284802043422,0.5510855683269477,0.5476874003189792,0.5325255102040817,0.5160981829773669,0.5358650284063435,0.012560336658691554
