,mean_fit_time,std_fit_time,mean_score_time,std_score_time,param_NN__alpha,param_NN__hidden_layer_sizes,param_pca__n_components,params,split0_test_score,split1_test_score,split2_test_score,split3_test_score,split4_test_score,mean_test_score,std_test_score,rank_test_score,split0_train_score,split1_train_score,split2_train_score,split3_train_score,split4_train_score,mean_train_score,std_train_score
0,0.27861175537109373,0.11696831739220373,0.0012881755828857422,0.00023378655289632626,0.1,"(100,)",2,"{'NN__alpha': 0.1, 'NN__hidden_layer_sizes': (100,), 'pca__n_components': 2}",0.4440203562340967,0.45038167938931295,0.46998722860791825,0.4744245524296675,0.4647887323943662,0.4606942317508933,0.011633433203638757,68,0.4706257982120051,0.44604086845466157,0.46921850079744815,0.47385204081632654,0.472425884603124,0.46643261857671303,0.010316340749265952
1,0.27065329551696776,0.09857351188920764,0.001127767562866211,4.2515962618211625e-05,0.1,"(100,)",3,"{'NN__alpha': 0.1, 'NN__hidden_layer_sizes': (100,), 'pca__n_components': 3}",0.45674300254452926,0.49872773536895676,0.49680715197956576,0.4475703324808184,0.4494238156209987,0.4698825931597754,0.02300494843386472,60,0.4888250319284802,0.49201787994891444,0.49569377990430624,0.44706632653061223,0.4520242269684412,0.4751254490561509,0.02105739701421174
2,0.2865170955657959,0.0594088245119383,0.0012197017669677735,8.606618786455358e-05,0.1,"(100,)",4,"{'NN__alpha': 0.1, 'NN__hidden_layer_sizes': (100,), 'pca__n_components': 4}",0.47837150127226463,0.510178117048346,0.4674329501915709,0.5242966751918159,0.5249679897567221,0.5010209290454314,0.023825114138319423,40,0.5089399744572158,0.5226692209450831,0.49792663476874005,0.5038265306122449,0.523748804590373,0.5114222330747313,0.010241353219820063
3,0.2579488754272461,0.08187195111751092,0.0011644363403320312,3.383897999201012e-05,0.1,"(100,)",5,"{'NN__alpha': 0.1, 'NN__hidden_layer_sizes': (100,), 'pca__n_components': 5}",0.4910941475826972,0.5038167938931297,0.4827586206896552,0.5498721227621484,0.5390524967989757,0.5132720775906074,0.026505298547944173,33,0.4987228607918263,0.5322477650063857,0.5282296650717704,0.5290178571428571,0.5323557539050048,0.524114780383569,0.012804539052337414
4,0.2875338077545166,0.060493697994709605,0.0011663436889648438,1.730071404172298e-05,0.1,"(100,)",6,"{'NN__alpha': 0.1, 'NN__hidden_layer_sizes': (100,), 'pca__n_components': 6}",0.5254452926208651,0.5267175572519084,0.49808429118773945,0.5421994884910486,0.5467349551856594,0.5278203164880041,0.017049028519524067,15,0.5383141762452107,0.5312899106002554,0.5492822966507177,0.5392219387755102,0.5406439273190947,0.5397504499181578,0.0057546039940255395
5,0.28913106918334963,0.07432631035603046,0.0011774539947509766,3.9871285803814105e-05,0.1,"(100,)",7,"{'NN__alpha': 0.1, 'NN__hidden_layer_sizes': (100,), 'pca__n_components': 7}",0.5279898218829516,0.5152671755725191,0.5197956577266922,0.5562659846547314,0.5454545454545454,0.5329249617151608,0.015553711629174443,6,0.5421455938697318,0.5402298850574713,0.5585326953748007,0.5462372448979592,0.5400063755180108,0.5454303589435947,0.006922087710100007
6,0.16770014762878419,0.042972173411917704,0.0008984565734863281,6.182954570739361e-05,0.1,"(50,)",2,"{'NN__alpha': 0.1, 'NN__hidden_layer_sizes': (50,), 'pca__n_components': 2}",0.4211195928753181,0.4389312977099237,0.4495530012771392,0.4309462915601023,0.471190781049936,0.44231750893312916,0.01717254791208979,72,0.45817369093231164,0.4332694763729246,0.4449760765550239,0.43654336734693877,0.4711507810009563,0.44882267844163104,0.0140958541431508
7,0.19703421592712403,0.05867297402342289,0.0008758068084716797,1.7870009295269032e-05,0.1,"(50,)",3,"{'NN__alpha': 0.1, 'NN__hidden_layer_sizes': (50,), 'pca__n_components': 3}",0.4707379134860051,0.4910941475826972,0.4878671775223499,0.4846547314578005,0.4852752880921895,0.48392036753445633,0.006983743509336299,50,0.48531289910600256,0.493933588761175,0.47878787878787876,0.4961734693877551,0.4625438316863245,0.48335033354582724,0.012116239353855002
8,0.18746275901794435,0.0538162127182804,0.0008539199829101562,7.5343288892347485e-06,0.1,"(50,)",4,"{'NN__alpha': 0.1, 'NN__hidden_layer_sizes': (50,), 'pca__n_components': 4}",0.48091603053435117,0.47455470737913485,0.48531289910600256,0.5051150895140665,0.49167733674775926,0.48749361919346607,0.010425016839301136,48,0.5019157088122606,0.4955300127713921,0.5052631578947369,0.4961734693877551,0.4909148868345553,0.49795944714013995,0.005053986446127272
9,0.25770134925842286,0.08096724757492352,0.0009034156799316406,8.059202540070704e-05,0.1,"(50,)",5,"{'NN__alpha': 0.1, 'NN__hidden_layer_sizes': (50,), 'pca__n_components': 5}",0.5139949109414759,0.5114503816793893,0.47509578544061304,0.5217391304347826,0.5467349551856594,0.5137825421133231,0.0230063324778299,32,0.5373563218390804,0.5207535121328225,0.539712918660287,0.5095663265306123,0.531399426203379,0.5277577010732364,0.011209885642117659
10,0.238511323928833,0.0682463053224178,0.0009228229522705078,1.087523291789889e-05,0.1,"(50,)",6,"{'NN__alpha': 0.1, 'NN__hidden_layer_sizes': (50,), 'pca__n_components': 6}",0.5203562340966921,0.539440203562341,0.5197956577266922,0.5140664961636828,0.5313700384122919,0.5250127616130679,0.009138846059024772,21,0.5376756066411239,0.5459770114942529,0.5668261562998405,0.5063775510204082,0.5326745298055467,0.5379061710522344,0.019611125023084538
11,0.28390893936157224,0.0672348058783003,0.0009368419647216797,9.273961746371231e-06,0.1,"(50,)",7,"{'NN__alpha': 0.1, 'NN__hidden_layer_sizes': (50,), 'pca__n_components': 7}",0.5292620865139949,0.5419847328244275,0.5044699872286079,0.5447570332480819,0.5454545454545454,0.5331801939765186,0.015496516418462848,5,0.5437420178799489,0.5520434227330779,0.5511961722488038,0.5618622448979592,0.5463818935288492,0.5510451502577278,0.00621466970770526
12,0.234208345413208,0.042709664410745744,0.0010696887969970704,1.664127524388798e-05,0.1,"(50, 50)",2,"{'NN__alpha': 0.1, 'NN__hidden_layer_sizes': (50, 50), 'pca__n_components': 2}",0.4402035623409669,0.4681933842239186,0.4725415070242657,0.47570332480818417,0.469910371318822,0.46528841245533437,0.012819901019795741,62,0.46966794380587484,0.46328224776500637,0.46475279106858053,0.47034438775510207,0.47433854000637554,0.46847718208018796,0.004002956862247398
13,0.3986795425415039,0.12798344884578225,0.0012141704559326173,0.00010893319570954901,0.1,"(50, 50)",3,"{'NN__alpha': 0.1, 'NN__hidden_layer_sizes': (50, 50), 'pca__n_components': 3}",0.4720101781170484,0.48091603053435117,0.4789272030651341,0.489769820971867,0.4827144686299616,0.48085758039816234,0.005743616391624542,53,0.49074074074074076,0.4996807151979566,0.48771929824561405,0.4968112244897959,0.49824673254701946,0.49463974224422536,0.004609379141915298
14,0.2919616222381592,0.08481037596713314,0.0011328697204589845,2.931389153039202e-05,0.1,"(50, 50)",4,"{'NN__alpha': 0.1, 'NN__hidden_layer_sizes': (50, 50), 'pca__n_components': 4}",0.5,0.5152671755725191,0.4891443167305236,0.5166240409207161,0.5275288092189501,0.5096988259315978,0.01350803704041589,37,0.5089399744572158,0.5140485312899106,0.512280701754386,0.5006377551020408,0.5224737009882053,0.5116761327183517,0.007098078636843522
15,0.40528645515441897,0.12301513817430439,0.0011743545532226563,6.709568180781955e-05,0.1,"(50, 50)",5,"{'NN__alpha': 0.1, 'NN__hidden_layer_sizes': (50, 50), 'pca__n_components': 5}",0.5254452926208651,0.5038167938931297,0.4891443167305236,0.5294117647058824,0.5377720870678617,0.5171005615109749,0.017916195625578852,28,0.5498084291187739,0.5303320561941252,0.5400318979266348,0.5401785714285714,0.5416002550207204,0.5403902419377651,0.006188807586696795
16,0.39319915771484376,0.15432398218100002,0.001154041290283203,1.2048609746501293e-05,0.1,"(50, 50)",6,"{'NN__alpha': 0.1, 'NN__hidden_layer_sizes': (50, 50), 'pca__n_components': 6}",0.5356234096692112,0.5279898218829516,0.5146871008939975,0.5332480818414322,0.5185659411011524,0.5260336906584993,0.008151717299207462,20,0.5568326947637292,0.5494891443167306,0.5582137161084529,0.5532525510204082,0.5215173732865795,0.5478610958991801,0.013515741803153609
17,0.44653949737548826,0.2566155805949157,0.0011526107788085937,8.616910551511015e-06,0.1,"(50, 50)",7,"{'NN__alpha': 0.1, 'NN__hidden_layer_sizes': (50, 50), 'pca__n_components': 7}",0.5216284987277354,0.5407124681933843,0.5363984674329502,0.551150895140665,0.5454545454545454,0.5390505359877489,0.010012497875916272,2,0.54757343550447,0.5526819923371648,0.5977671451355662,0.5621811224489796,0.5610455849537775,0.5642498560759915,0.017606102082548515
18,0.2695528507232666,0.10235927691420646,0.001176929473876953,0.0001485246024161651,0.01,"(100,)",2,"{'NN__alpha': 0.01, 'NN__hidden_layer_sizes': (100,), 'pca__n_components': 2}",0.44274809160305345,0.4491094147582697,0.4789272030651341,0.47698209718670076,0.4673495518565941,0.46299132210311383,0.014644945574645806,66,0.4706257982120051,0.44572158365261816,0.4740031897926635,0.4744897959183674,0.4670066942939114,0.46636941237391316,0.010668373504337636
19,0.2213045120239258,0.09594958657537281,0.0012221813201904296,0.00018871046060233847,0.01,"(100,)",3,"{'NN__alpha': 0.01, 'NN__hidden_layer_sizes': (100,), 'pca__n_components': 3}",0.46946564885496184,0.5,0.4942528735632184,0.4475703324808184,0.4494238156209987,0.4721796835119959,0.021868134964548633,57,0.4872286079182631,0.4932950191570881,0.49760765550239233,0.44706632653061223,0.4520242269684412,0.47544436721535943,0.021459457652388752
20,0.27856836318969724,0.05512481968292663,0.0011899948120117187,0.000129751535186131,0.01,"(100,)",4,"{'NN__alpha': 0.01, 'NN__hidden_layer_sizes': (100,), 'pca__n_components': 4}",0.47455470737913485,0.5076335877862596,0.46871008939974457,0.5140664961636828,0.5211267605633803,0.49719244512506383,0.02139679631094104,44,0.5076628352490421,0.5210727969348659,0.49856459330143543,0.4996811224489796,0.5231112527892892,0.5100185201447225,0.01036552136686103
21,0.2837360858917236,0.08361281497896159,0.0011368751525878905,1.3194352137936333e-05,0.01,"(100,)",5,"{'NN__alpha': 0.01, 'NN__hidden_layer_sizes': (100,), 'pca__n_components': 5}",0.49363867684478374,0.5050890585241731,0.4891443167305236,0.551150895140665,0.5416133162612036,0.5160796324655437,0.025410804961525653,29,0.4990421455938697,0.5312899106002554,0.5381180223285487,0.5280612244897959,0.5323557539050048,0.525773411383495,0.013754585239756855
22,0.2426095962524414,0.049536781156614806,0.001228189468383789,0.00015907902214014157,0.01,"(100,)",6,"{'NN__alpha': 0.01, 'NN__hidden_layer_sizes': (100,), 'pca__n_components': 6}",0.5292620865139949,0.5318066157760815,0.5057471264367817,0.540920716112532,0.5275288092189501,0.5270546197039305,0.01160431172596175,16,0.5386334610472542,0.539272030651341,0.5534290271132376,0.5404974489795918,0.511954096270322,0.5367572128123493,0.01354236290364232
23,0.27399554252624514,0.0774105502872711,0.001175689697265625,2.228386108257481e-05,0.01,"(100,)",7,"{'NN__alpha': 0.01, 'NN__hidden_layer_sizes': (100,), 'pca__n_components': 7}",0.5114503816793893,0.5152671755725191,0.5210727969348659,0.5485933503836317,0.5467349551856594,0.5285860132720775,0.0158533058292312,12,0.5411877394636015,0.5402298850574713,0.560127591706539,0.5414540816326531,0.539368823716927,0.5444736243154382,0.007861675195459416
24,0.16128697395324706,0.03177287519099371,0.0008693218231201171,7.556348039923125e-05,0.01,"(50,)",2,"{'NN__alpha': 0.01, 'NN__hidden_layer_sizes': (50,), 'pca__n_components': 2}",0.4198473282442748,0.4389312977099237,0.45849297573435505,0.4322250639386189,0.4647887323943662,0.4428279734558448,0.016631472619460914,71,0.4559386973180077,0.4339080459770115,0.4507177033492823,0.43686224489795916,0.46860057379662096,0.4492054530677764,0.012729176240100304
25,0.19312286376953125,0.06571884108036866,0.0008625030517578125,1.3581574575139528e-05,0.01,"(50,)",3,"{'NN__alpha': 0.01, 'NN__hidden_layer_sizes': (50,), 'pca__n_components': 3}",0.4821882951653944,0.48091603053435117,0.4776500638569604,0.4846547314578005,0.4839948783610755,0.48187850944359367,0.0024918809284634074,52,0.48946360153256707,0.4901021711366539,0.4717703349282297,0.49776785714285715,0.4619062798852407,0.48220204892510965,0.013252738287103591
26,0.1880197525024414,0.05403909901508228,0.0008440017700195312,1.220926621958023e-05,0.01,"(50,)",4,"{'NN__alpha': 0.01, 'NN__hidden_layer_sizes': (50,), 'pca__n_components': 4}",0.48091603053435117,0.4770992366412214,0.4878671775223499,0.5038363171355499,0.49167733674775926,0.4882593159775396,0.009305515683021934,45,0.5022349936143039,0.4958492975734355,0.5059011164274322,0.49649234693877553,0.4909148868345553,0.4982785282777004,0.005235881758661997
27,0.21568717956542968,0.05334788574883071,0.0008820056915283203,6.4109332840951175e-06,0.01,"(50,)",5,"{'NN__alpha': 0.01, 'NN__hidden_layer_sizes': (50,), 'pca__n_components': 5}",0.5229007633587787,0.49872773536895676,0.47509578544061304,0.5230179028132992,0.5390524967989757,0.5117406840224604,0.022391876939573323,34,0.5306513409961686,0.5166028097062579,0.539712918660287,0.5082908163265306,0.5208798214854957,0.5232275414349481,0.010948836272312247
28,0.2100193977355957,0.0778094446878485,0.0008970260620117188,2.0059831401395533e-05,0.01,"(50,)",6,"{'NN__alpha': 0.01, 'NN__hidden_layer_sizes': (50,), 'pca__n_components': 6}",0.5114503816793893,0.5356234096692112,0.5185185185185185,0.5166240409207161,0.5211267605633803,0.5206738131699847,0.008132903175062484,22,0.5245849297573435,0.5450191570881227,0.5674641148325359,0.5063775510204082,0.523430028689831,0.5333751562776483,0.020988969411922853
29,0.32268896102905276,0.05919359000900456,0.0009243965148925781,9.86995326771603e-06,0.01,"(50,)",7,"{'NN__alpha': 0.01, 'NN__hidden_layer_sizes': (50,), 'pca__n_components': 7}",0.5279898218829516,0.5419847328244275,0.5134099616858238,0.5383631713554987,0.5403329065300896,0.5324144971924452,0.010679055169323522,9,0.5443805874840357,0.5571519795657727,0.5639553429027113,0.560905612244898,0.5463818935288492,0.5545550831452534,0.007819966302201758
30,0.22203474044799804,0.03634465031245479,0.001057004928588867,2.520056185749583e-05,0.01,"(50, 50)",2,"{'NN__alpha': 0.01, 'NN__hidden_layer_sizes': (50, 50), 'pca__n_components': 2}",0.44147582697201015,0.4669211195928753,0.4763729246487867,0.47570332480818417,0.4647887323943662,0.4650331801939765,0.012668024546159583,63,0.4706257982120051,0.46328224776500637,0.4698564593301435,0.47066326530612246,0.47497609180745937,0.46988077248414734,0.003759541380453247
31,0.4516134262084961,0.16050888509579878,0.0011083602905273438,2.3568686515264987e-05,0.01,"(50, 50)",3,"{'NN__alpha': 0.01, 'NN__hidden_layer_sizes': (50, 50), 'pca__n_components': 3}",0.48091603053435117,0.4821882951653944,0.47509578544061304,0.4961636828644501,0.4839948783610755,0.4836651352730985,0.006915910423465038,51,0.49744572158365263,0.5006385696040868,0.4861244019138756,0.5031887755102041,0.5004781638508129,0.49757512649252644,0.006007681814171016
32,0.2603015899658203,0.09988536460674416,0.0011279582977294922,6.249496268065084e-05,0.01,"(50, 50)",4,"{'NN__alpha': 0.01, 'NN__hidden_layer_sizes': (50, 50), 'pca__n_components': 4}",0.49872773536895676,0.5038167938931297,0.48659003831417624,0.5179028132992327,0.5211267605633803,0.5056151097498723,0.012672754827006494,38,0.5086206896551724,0.5098978288633461,0.5157894736842106,0.5009566326530612,0.5145043034746574,0.5099537856660896,0.0052438822536146875
33,0.2561927795410156,0.023420472939202058,0.0011636734008789063,3.3959845614528864e-05,0.01,"(50, 50)",5,"{'NN__alpha': 0.01, 'NN__hidden_layer_sizes': (50, 50), 'pca__n_components': 5}",0.5254452926208651,0.5038167938931297,0.4878671775223499,0.540920716112532,0.5339308578745199,0.5183767228177641,0.019703808902228167,26,0.5316091954022989,0.5322477650063857,0.5320574162679426,0.5353954081632653,0.5412814791201785,0.5345182527920143,0.003638243477032297
34,0.33784966468811034,0.10359823932161508,0.0011806964874267578,5.519550251130789e-05,0.01,"(50, 50)",6,"{'NN__alpha': 0.01, 'NN__hidden_layer_sizes': (50, 50), 'pca__n_components': 6}",0.5292620865139949,0.5305343511450382,0.51213282247765,0.5383631713554987,0.5211267605633803,0.5262889229198571,0.008935733623461903,19,0.5488505747126436,0.5517241379310345,0.5604465709728867,0.5532525510204082,0.5218361491871214,0.5472219967648189,0.013256091023111323
35,0.44368777275085447,0.21290321850627236,0.0011678218841552734,2.7435090172382318e-05,0.01,"(50, 50)",7,"{'NN__alpha': 0.01, 'NN__hidden_layer_sizes': (50, 50), 'pca__n_components': 7}",0.5203562340966921,0.5407124681933843,0.541507024265645,0.5485933503836317,0.5608194622279129,0.5423685553854007,0.01317189717312593,1,0.5450191570881227,0.5526819923371648,0.5961722488038278,0.5605867346938775,0.5757092763787057,0.5660338818603398,0.01817414341558117
36,0.25559291839599607,0.08672096644808495,0.0011921405792236328,0.0001603427180248748,0.001,"(100,)",2,"{'NN__alpha': 0.001, 'NN__hidden_layer_sizes': (100,), 'pca__n_components': 2}",0.44274809160305345,0.4491094147582697,0.4789272030651341,0.4782608695652174,0.4647887323943662,0.462736089841756,0.01478970012579878,67,0.4709450830140485,0.44572158365261816,0.4740031897926635,0.4764030612244898,0.4666879183933695,0.4667521672154379,0.011005336881599838
37,0.21167936325073242,0.09235621197456227,0.0012334346771240234,0.00020311598418546066,0.001,"(100,)",3,"{'NN__alpha': 0.001, 'NN__hidden_layer_sizes': (100,), 'pca__n_components': 3}",0.4681933842239186,0.5,0.4878671775223499,0.4475703324808184,0.4494238156209987,0.4706482899438489,0.020721765803969047,59,0.48690932311621965,0.4932950191570881,0.49346092503987243,0.44706632653061223,0.4520242269684412,0.4745511641624468,0.02061317272143838
38,0.2808797359466553,0.05711677749804067,0.0011228561401367188,2.4459747693849147e-05,0.001,"(100,)",4,"{'NN__alpha': 0.001, 'NN__hidden_layer_sizes': (100,), 'pca__n_components': 4}",0.47455470737913485,0.5076335877862596,0.46871008939974457,0.5166240409207161,0.5211267605633803,0.49770290964777947,0.021819602723837324,43,0.5076628352490421,0.5207535121328225,0.49856459330143543,0.4996811224489796,0.5218361491871214,0.5096996424638802,0.009979894557265459
39,0.28315143585205077,0.08376870887226008,0.001159811019897461,1.656664325325163e-05,0.001,"(100,)",5,"{'NN__alpha': 0.001, 'NN__hidden_layer_sizes': (100,), 'pca__n_components': 5}",0.49363867684478374,0.5050890585241731,0.4891443167305236,0.5485933503836317,0.5416133162612036,0.5155691679428279,0.02471737647693388,30,0.4990421455938697,0.530970625798212,0.5374800637958532,0.5283801020408163,0.5310806503028371,0.5253907175063177,0.013511821988197639
40,0.23405332565307618,0.04755633571193663,0.001315164566040039,0.00025906626436045493,0.001,"(100,)",6,"{'NN__alpha': 0.001, 'NN__hidden_layer_sizes': (100,), 'pca__n_components': 6}",0.5330788804071247,0.5267175572519084,0.5057471264367817,0.540920716112532,0.5275288092189501,0.5267993874425727,0.011678637782031185,18,0.5418263090676884,0.5306513409961686,0.554066985645933,0.5401785714285714,0.5109977685686962,0.5355441951414116,0.014356205948678995
41,0.26752820014953616,0.07459024022621795,0.0011505603790283204,1.2900538283494967e-05,0.001,"(100,)",7,"{'NN__alpha': 0.001, 'NN__hidden_layer_sizes': (100,), 'pca__n_components': 7}",0.5114503816793893,0.5152671755725191,0.5210727969348659,0.5498721227621484,0.5454545454545454,0.5285860132720775,0.01590374598545745,12,0.5411877394636015,0.5402298850574713,0.560127591706539,0.5417729591836735,0.5400063755180108,0.5446649101858593,0.007757834875552844
42,0.16113781929016113,0.032020233362426716,0.0008637905120849609,7.403839361546311e-05,0.001,"(50,)",2,"{'NN__alpha': 0.001, 'NN__hidden_layer_sizes': (50,), 'pca__n_components': 2}",0.4198473282442748,0.4389312977099237,0.45849297573435505,0.4322250639386189,0.4660691421254802,0.44308320571720267,0.016972852682616543,69,0.45689655172413796,0.4339080459770115,0.45039872408293463,0.43686224489795916,0.46796302199553713,0.4492057177355161,0.012639531143289934
43,0.18387155532836913,0.06123731073375196,0.0008521080017089844,9.701029031291152e-06,0.001,"(50,)",3,"{'NN__alpha': 0.001, 'NN__hidden_layer_sizes': (50,), 'pca__n_components': 3}",0.4681933842239186,0.4821882951653944,0.4789272030651341,0.4846547314578005,0.4839948783610755,0.47958141909137314,0.0060403438145784465,55,0.4843550446998723,0.4897828863346105,0.4717703349282297,0.49776785714285715,0.4619062798852407,0.4811164805981621,0.012800355283953447
44,0.1890258312225342,0.055092559679474004,0.0008859634399414062,1.7390506769701765e-05,0.001,"(50,)",4,"{'NN__alpha': 0.001, 'NN__hidden_layer_sizes': (50,), 'pca__n_components': 4}",0.48091603053435117,0.4770992366412214,0.48659003831417624,0.5038363171355499,0.49167733674775926,0.4880040837161817,0.009330252864594137,46,0.5019157088122606,0.4958492975734355,0.5052631578947369,0.49649234693877553,0.4909148868345553,0.4980870796107527,0.005002912972680152
45,0.22920217514038085,0.08200427682639572,0.0008902549743652344,2.262992994246318e-05,0.001,"(50,)",5,"{'NN__alpha': 0.001, 'NN__hidden_layer_sizes': (50,), 'pca__n_components': 5}",0.5165394402035624,0.49872773536895676,0.47509578544061304,0.5230179028132992,0.5390524967989757,0.5104645227156712,0.021895239592370424,35,0.5367177522349936,0.5166028097062579,0.5393939393939394,0.5082908163265306,0.5215173732865795,0.5245045381896603,0.011875201971988983
46,0.20914387702941895,0.07873615932243737,0.0008996963500976562,1.933373289051175e-05,0.001,"(50,)",6,"{'NN__alpha': 0.001, 'NN__hidden_layer_sizes': (50,), 'pca__n_components': 6}",0.510178117048346,0.5356234096692112,0.5185185185185185,0.5153452685421995,0.5211267605633803,0.520163348647269,0.008562134464181522,23,0.5245849297573435,0.5446998722860792,0.5674641148325359,0.5063775510204082,0.523430028689831,0.5333112993172395,0.020953902901910595
47,0.3128684043884277,0.0633981904090638,0.0009558200836181641,6.407154983317418e-05,0.001,"(50,)",7,"{'NN__alpha': 0.001, 'NN__hidden_layer_sizes': (50,), 'pca__n_components': 7}",0.5279898218829516,0.5407124681933843,0.51213282247765,0.540920716112532,0.5416133162612036,0.532669729453803,0.011453873593890244,7,0.5443805874840357,0.5558748403575989,0.5623604465709728,0.560905612244898,0.5457443417277654,0.5538531656770542,0.0075057413061960605
48,0.22716097831726073,0.03711061968359797,0.0010863304138183593,4.070318404216177e-05,0.001,"(50, 50)",2,"{'NN__alpha': 0.001, 'NN__hidden_layer_sizes': (50, 50), 'pca__n_components': 2}",0.4402035623409669,0.4669211195928753,0.47509578544061304,0.4731457800511509,0.4660691421254802,0.46426748340990304,0.012545676367654203,64,0.47126436781609193,0.46328224776500637,0.46953748006379586,0.47130102040816324,0.47306343640420784,0.469689710491453,0.003392245408752993
49,0.31859164237976073,0.12733676387372875,0.0011323928833007813,5.218820952779739e-05,0.001,"(50, 50)",3,"{'NN__alpha': 0.001, 'NN__hidden_layer_sizes': (50, 50), 'pca__n_components': 3}",0.4580152671755725,0.4910941475826972,0.49680715197956576,0.4936061381074169,0.4852752880921895,0.4849412965798877,0.0140066642126929,49,0.48627075351213284,0.4984035759897829,0.49186602870813395,0.5031887755102041,0.5011157156518967,0.49616896987443015,0.006248702573769313
50,0.29662184715270995,0.09150021422445415,0.0011391162872314454,2.2999868496704436e-05,0.001,"(50, 50)",4,"{'NN__alpha': 0.001, 'NN__hidden_layer_sizes': (50, 50), 'pca__n_components': 4}",0.48346055979643765,0.5050890585241731,0.4891443167305236,0.5051150895140665,0.5185659411011524,0.5002552322613578,0.012549580449061463,41,0.5191570881226054,0.5156449553001277,0.5148325358851674,0.5121173469387755,0.5132291998724896,0.5149962252238331,0.002415398258934891
51,0.3210413932800293,0.12061715449979214,0.001154947280883789,4.9832654240646474e-05,0.001,"(50, 50)",5,"{'NN__alpha': 0.001, 'NN__hidden_layer_sizes': (50, 50), 'pca__n_components': 5}",0.5292620865139949,0.5038167938931297,0.4878671775223499,0.5396419437340153,0.5364916773367477,0.5193976518631955,0.020173011902311216,25,0.5498084291187739,0.5325670498084292,0.5352472089314194,0.5360331632653061,0.5412814791201785,0.5389874660488214,0.006104013608662554
52,0.36228318214416505,0.11876015899148319,0.001145648956298828,3.2742224073729514e-05,0.001,"(50, 50)",6,"{'NN__alpha': 0.001, 'NN__hidden_layer_sizes': (50, 50), 'pca__n_components': 6}",0.5279898218829516,0.5330788804071247,0.5146871008939975,0.5383631713554987,0.5211267605633803,0.5270546197039305,0.008399567820429556,16,0.5504469987228607,0.5530012771392082,0.5610845295055822,0.5554846938775511,0.5211985973860376,0.5482432193262479,0.013973156654588535
53,0.3708515167236328,0.13984545412859034,0.0011929988861083985,5.052885669725297e-05,0.001,"(50, 50)",7,"{'NN__alpha': 0.001, 'NN__hidden_layer_sizes': (50, 50), 'pca__n_components': 7}",0.5292620865139949,0.5407124681933843,0.5351213282247765,0.5473145780051151,0.5377720870678617,0.5380296069423175,0.005981254076365112,3,0.5501277139208174,0.551404853128991,0.5856459330143541,0.5618622448979592,0.5524386356391456,0.5602958761202534,0.013336093401030659
54,0.27086672782897947,0.08634806385572692,0.00120391845703125,0.00017683019813960574,0.0001,"(100,)",2,"{'NN__alpha': 0.0001, 'NN__hidden_layer_sizes': (100,), 'pca__n_components': 2}",0.44274809160305345,0.4491094147582697,0.4789272030651341,0.47570332480818417,0.469910371318822,0.46324655436447165,0.01460652346878283,65,0.4709450830140485,0.44572158365261816,0.4740031897926635,0.4764030612244898,0.472425884603124,0.46789976045738885,0.011235562195340703
55,0.21226954460144043,0.09282977310807854,0.0012389659881591798,0.00018250910928999597,0.0001,"(100,)",3,"{'NN__alpha': 0.0001, 'NN__hidden_layer_sizes': (100,), 'pca__n_components': 3}",0.46946564885496184,0.5,0.4878671775223499,0.4475703324808184,0.4494238156209987,0.47090352220520676,0.02069777802638471,58,0.4875478927203065,0.4932950191570881,0.4937799043062201,0.44706632653061223,0.4520242269684412,0.4747426739365337,0.02074939671319007
56,0.273805570602417,0.05527229059725939,0.001146841049194336,3.702891532265481e-05,0.0001,"(100,)",4,"{'NN__alpha': 0.0001, 'NN__hidden_layer_sizes': (100,), 'pca__n_components': 4}",0.47455470737913485,0.5089058524173028,0.46871008939974457,0.5217391304347826,0.5211267605633803,0.49897907095456867,0.02288486105776009,42,0.5076628352490421,0.514367816091954,0.4988835725677831,0.5028698979591837,0.5224737009882053,0.5092515645712337,0.008387441908501561
57,0.2872745990753174,0.0879182798275986,0.0011523246765136718,2.0010350756609674e-05,0.0001,"(100,)",5,"{'NN__alpha': 0.0001, 'NN__hidden_layer_sizes': (100,), 'pca__n_components': 5}",0.49363867684478374,0.5050890585241731,0.4891443167305236,0.5485933503836317,0.5416133162612036,0.5155691679428279,0.02471737647693388,30,0.4990421455938697,0.530970625798212,0.5377990430622009,0.5283801020408163,0.531718202103921,0.5255820237198039,0.013624534137823514
58,0.2870654582977295,0.06589325716101142,0.001348590850830078,0.00022735016650628158,0.0001,"(100,)",6,"{'NN__alpha': 0.0001, 'NN__hidden_layer_sizes': (100,), 'pca__n_components': 6}",0.5330788804071247,0.5267175572519084,0.5057471264367817,0.540920716112532,0.5454545454545454,0.5303726391015824,0.01388842809367561,11,0.5418263090676884,0.530970625798212,0.554066985645933,0.5401785714285714,0.5403251514185528,0.5414735286717915,0.007375991674570313
59,0.26745219230651857,0.07489392732648172,0.0011621475219726562,2.379966817661881e-05,0.0001,"(100,)",7,"{'NN__alpha': 0.0001, 'NN__hidden_layer_sizes': (100,), 'pca__n_components': 7}",0.5114503816793893,0.5152671755725191,0.5210727969348659,0.5498721227621484,0.5454545454545454,0.5285860132720775,0.01590374598545745,12,0.5411877394636015,0.5402298850574713,0.560127591706539,0.5417729591836735,0.5400063755180108,0.5446649101858593,0.007757834875552844
60,0.1609041690826416,0.03139300431003167,0.000858926773071289,5.951848478490521e-05,0.0001,"(50,)",2,"{'NN__alpha': 0.0001, 'NN__hidden_layer_sizes': (50,), 'pca__n_components': 2}",0.41857506361323155,0.4389312977099237,0.45849297573435505,0.4322250639386189,0.4673495518565941,0.44308320571720267,0.017672686530284205,69,0.45721583652618136,0.4339080459770115,0.45039872408293463,0.43686224489795916,0.4676442460949952,0.44920581951581634,0.01258526660917062
61,0.1822380542755127,0.05974534874181227,0.0009157657623291016,7.567317063137598e-05,0.0001,"(50,)",3,"{'NN__alpha': 0.0001, 'NN__hidden_layer_sizes': (50,), 'pca__n_components': 3}",0.4681933842239186,0.48091603053435117,0.4789272030651341,0.4846547314578005,0.4839948783610755,0.4793261868300153,0.0059510179901426,56,0.4846743295019157,0.4897828863346105,0.4717703349282297,0.49776785714285715,0.4619062798852407,0.48118033755857076,0.012817137588410809
62,0.19086251258850098,0.05517661510884702,0.0008709430694580078,3.230303404808324e-05,0.0001,"(50,)",4,"{'NN__alpha': 0.0001, 'NN__hidden_layer_sizes': (50,), 'pca__n_components': 4}",0.48091603053435117,0.4770992366412214,0.48659003831417624,0.5038363171355499,0.49167733674775926,0.4880040837161817,0.009330252864594137,46,0.5019157088122606,0.4958492975734355,0.5055821371610846,0.49649234693877553,0.4909148868345553,0.4981508754640222,0.005095196358365448
63,0.22953104972839355,0.08309742380463468,0.0008788108825683594,2.570899720226231e-05,0.0001,"(50,)",5,"{'NN__alpha': 0.0001, 'NN__hidden_layer_sizes': (50,), 'pca__n_components': 5}",0.5165394402035624,0.49872773536895676,0.47509578544061304,0.5230179028132992,0.5390524967989757,0.5104645227156712,0.021895239592370424,35,0.5367177522349936,0.5166028097062579,0.5393939393939394,0.5082908163265306,0.5215173732865795,0.5245045381896603,0.011875201971988983
64,0.20938544273376464,0.07814515888684938,0.0008791446685791016,1.304966620109354e-05,0.0001,"(50,)",6,"{'NN__alpha': 0.0001, 'NN__hidden_layer_sizes': (50,), 'pca__n_components': 6}",0.510178117048346,0.5356234096692112,0.5185185185185185,0.5153452685421995,0.5211267605633803,0.520163348647269,0.008562134464181522,23,0.5245849297573435,0.5446998722860792,0.5674641148325359,0.5063775510204082,0.523430028689831,0.5333112993172395,0.020953902901910595
65,0.3291811943054199,0.06293371571727488,0.0009320735931396485,1.7699332051765893e-05,0.0001,"(50,)",7,"{'NN__alpha': 0.0001, 'NN__hidden_layer_sizes': (50,), 'pca__n_components': 7}",0.5279898218829516,0.5407124681933843,0.51213282247765,0.540920716112532,0.5416133162612036,0.532669729453803,0.011453873593890244,7,0.5443805874840357,0.5558748403575989,0.5639553429027113,0.560905612244898,0.5460631176283073,0.5542359001235103,0.007817420466457555
66,0.25279436111450193,0.079493612287662,0.0010678291320800782,2.247790335305817e-05,0.0001,"(50, 50)",2,"{'NN__alpha': 0.0001, 'NN__hidden_layer_sizes': (50, 50), 'pca__n_components': 2}",0.44147582697201015,0.4669211195928753,0.4789272030651341,0.48081841432225064,0.4647887323943662,0.4665645737621235,0.014072088942370796,61,0.4715836526181354,0.46264367816091956,0.4698564593301435,0.4719387755102041,0.47306343640420784,0.4698172004047221,0.003731499568816426
67,0.34579315185546877,0.13901778706784498,0.001104879379272461,4.182473510937664e-05,0.0001,"(50, 50)",3,"{'NN__alpha': 0.0001, 'NN__hidden_layer_sizes': (50, 50), 'pca__n_components': 3}",0.46055979643765904,0.47837150127226463,0.4763729246487867,0.49744245524296676,0.4878361075544174,0.48009188361408883,0.012326081285176838,54,0.4878671775223499,0.5051085568326947,0.4851674641148325,0.4958545918367347,0.5014344915524387,0.4950864563718101,0.00763982296778245
68,0.2704013824462891,0.09856986384637755,0.0011081218719482422,1.9935215195394776e-05,0.0001,"(50, 50)",4,"{'NN__alpha': 0.0001, 'NN__hidden_layer_sizes': (50, 50), 'pca__n_components': 4}",0.5012722646310432,0.5012722646310432,0.4840357598978289,0.5166240409207161,0.5198463508322664,0.5045941807044411,0.012812039383806614,39,0.5102171136653896,0.5095785440613027,0.5151515151515151,0.49936224489795916,0.5138667516735734,0.5096352338899479,0.005553579068476808
69,0.2845146656036377,0.03817240060897963,0.0011764049530029296,8.570242941436859e-05,0.0001,"(50, 50)",5,"{'NN__alpha': 0.0001, 'NN__hidden_layer_sizes': (50, 50), 'pca__n_components': 5}",0.5165394402035624,0.5076335877862596,0.4878671775223499,0.5396419437340153,0.5377720870678617,0.5178662582950485,0.019360730309772797,27,0.5357598978288634,0.533205619412516,0.5362041467304626,0.5366709183673469,0.5416002550207204,0.5366881674719819,0.002733239953356773
70,0.3413976192474365,0.03979323013689326,0.001140737533569336,7.754433712897232e-06,0.0001,"(50, 50)",6,"{'NN__alpha': 0.0001, 'NN__hidden_layer_sizes': (50, 50), 'pca__n_components': 6}",0.5292620865139949,0.5305343511450382,0.51213282247765,0.5294117647058824,0.558258642765685,0.5319040326697294,0.014818529482649124,10,0.5501277139208174,0.5523627075351213,0.560127591706539,0.5373086734693877,0.5569014982467325,0.5513656369757196,0.007842734687919264
71,0.34978671073913575,0.14270322071219824,0.0011662483215332032,1.700818721438021e-05,0.0001,"(50, 50)",7,"{'NN__alpha': 0.0001, 'NN__hidden_layer_sizes': (50, 50), 'pca__n_components': 7}",0.5203562340966921,0.5407124681933843,0.5325670498084292,0.5460358056265985,0.5377720870678617,0.5354772843287392,0.008738465703556299,4,0.5462962962962963,0.551404853128991,0.5853269537480064,0.5621811224489796,0.5521198597386038,0.5594658170721754,0.01391797240808873
